value_screen,key_screen
bounds joezette cattalaya,key_0
furlani weissberg timothy,key_1
orshal lindsey godeleine,key_2
annik lily-jean brokenborough,key_3
brower leven lutece,key_4
marlena jacobe angelrose,key_5
daysean olasubomi wydia,key_6
tuncay maynard meno,key_7
lawman deshala gaultier,key_8
ruby-jo flam kevin-leigh,key_9
fulgenzia otley dari,key_10
erdemir carleigh stephnie,key_11
hallette artin voyle,key_12
brennley józsef hargett,key_13
briyona yvan sarinity,key_14
jas veluppillai emeraude,key_15
mahmudul joko gearldene,key_16
elmanuel chalea sanaya,key_17
kianalee arthemise tiearra,key_18
chantler tralaina kaena,key_19
chunta kuralay mahendra,key_20
jože golda ashneel,key_21
tafara giacamo rivera,key_22
shurhonda tolani shellyann,key_23
laconda alizae eirinn,key_24
aliceteen parvashi lane,key_25
willadene lapin elizander,key_26
salomena marrs tearesa,key_27
lalia karlotto ştefana,key_28
odermatt alívio reshama,key_29
yasufumi chrislynn rehana,key_30
kashdon shirleeta tequana,key_31
serel shadasia yulemi,key_32
karanvir najirah doles,key_33
susanetta bella-rose epiphanie,key_34
avdain stambaugh tiami,key_35
westin jorgie-lea temilayo,key_36
jahcure karlton dhiya,key_37
savero lemelin everlee,key_38
daffie etherson jeslyn-jean,key_39
alila jannita nekesha,key_40
lilianne dimanshu ardme,key_41
taiwana analuiza leeland,key_42
briyona veyah jarius,key_43
srijit samee cuttie,key_44
roco rondon kyaisha,key_45
gundemarie abdus-salam mowlud,key_46
munoz-matias cubie liliya,key_47
trayonna arnheiður pesach,key_48
ferdy landrea ashyiah,key_49
lekeith alissa efkan,key_50
rifka zion-benjamin olli,key_51
zandyn maniu tariek,key_52
deshaan marilouise hyacinth,key_53
lionelle gianalberto rodgers,key_54
jennelle haag poppy,key_55
latrish naydine huseyn,key_56
aramais sharoll kabid,key_57
joeph aryonna ik,key_58
elio neelie eal,key_59
ridling pappy aristarkh,key_60
raymelle felipa chaworth,key_61
derreon johnchristian maanasa,key_62
navarrie padric djeneba,key_63
lowie tisa briannie,key_64
catalyna raytcho demilee,key_65
lesleyann niculeta cossio,key_66
kierren yuko josphe,key_67
chaz brunilda mathaniel,key_68
caneshia attia esthermae,key_69
vihen kellman tyria,key_70
ivyanna massud qualesha,key_71
andropolis ankit corra,key_72
hekla fullard elfie,key_73
james nishma analiza,key_74
briniya hsiu baccam,key_75
zaraiah beaumont jakyrin,key_76
merelin kleopas kyeon,key_77
michealene shedric dokota,key_78
kyneshia mynika eilif,key_79
sivert tammila anosha,key_80
aurelus joshie muro,key_81
barlina suheil rumessa,key_82
haohan correia ajit,key_83
eib fardy bakir,key_84
shanovia lanayia kurk,key_85
lillea miklo labaron,key_86
shepperd neidelyn nijee,key_87
alazay misconis immanuela,key_88
bassiru ellissa tamario,key_89
caly munny yerlin,key_90
darnzell charlie-mai séraphin,key_91
omotoyosi latefa schumer,key_92
malalai karcey dilwar,key_93
faliha nélida macelyn,key_94
dawna luevinia álfrún,key_95
malaurie roede bascum,key_96
amy-jo salandra lea,key_97
crystalina haedon agapito,key_98
keyuanna donnerson tonicha,key_99
bartul franzen emīls,key_100
quartana herrara alijah,key_101
arsheq anusri lavinnia,key_102
luebke zamaya glimp,key_103
cecy christeena hillaree,key_104
hirschfeld mcauthor adaela,key_105
jahziya vukosava shyrle,key_106
oneill nazgul florelle,key_107
takuto aziriah kemarius,key_108
llovera arménio treymone,key_109
pilar josen priella,key_110
sherris adasha myasiah,key_111
antigone jacque antonius,key_112
yuleni sehar lekhi,key_113
kedarius amirkhan amirea,key_114
bolich ovid sloatman,key_115
momar serj aleasa,key_116
alexamarie lodewijk abba,key_117
rebecc musselwhite kamielle,key_118
clarance zaran ravza,key_119
lewes lyubika mili-elise,key_120
anitia sorci corky,key_121
joelan mary-louise casey-may,key_122
kely duconje tjomme,key_123
evie-jai gustave tyvaughn,key_124
kerrisa malysia ladesha,key_125
neelie nicolaie rebouche,key_126
wolfeckart niple nadine,key_127
ismimi marivic kaci-elle,key_128
svetlin allgood boey,key_129
javiar raghid alala,key_130
jenniya steicy lillienne,key_131
charmelle kisling snædís,key_132
sharida mekhiah markai,key_133
fehn fregia eldwon,key_134
ariah fahmeda leenhardt,key_135
srboslav feiko veer,key_136
jaysen morsal theadene,key_137
athina nalanii finnbhair,key_138
motoki tyann larean,key_139
duvan levella vanwinkle,key_140
annemijn caveney elean,key_141
ovell larayna driggs,key_142
clinique olympie rybohd,key_143
meriton fridlund cresida,key_144
yalixa eschol sheelagh,key_145
noldi pharisien jene,key_146
domita johniah luallen,key_147
raiesha lanai alesea,key_148
caroly rabadan wieghart,key_149
kadee taleek quadre,key_150
charters faber mamikon,key_151
apisan graisen digna,key_152
shawndelle stergis nazzareno,key_153
olev yamini sonne,key_154
samble giannoula rahshan,key_155
sollows finn-alan destinymarie,key_156
allize martinez-gama milaun,key_157
jayhden romul arainna,key_158
gabrel cuezze pizanie,key_159
newborn ehrinn calese,key_160
joseph-mary refael cordae,key_161
ramnik sibil yareni,key_162
regana bhodi shamina,key_163
jeremiha emerys obinna,key_164
mihailo joneer panth,key_165
ajeta shaquria cobourn,key_166
ninarose deborh burakcan,key_167
demetri reshef dandre,key_168
rinck zurii kardarius,key_169
charleily eliabeth arveer,key_170
sevval jafer eleesia,key_171
oehsen antoun jerade,key_172
jahla caridwen johnlucas,key_173
dontevius copelin korena,key_174
lambrini onaya elize,key_175
delsia marfried tilion,key_176
tulia tigra karl,key_177
respess geta bogie,key_178
ekampreet borremans gosho,key_179
crow tchao densie,key_180
semilore tariana hector,key_181
rojus salgado graci-mae,key_182
lilith nakoda alae,key_183
solweig somma silvers,key_184
markius shanrika mensah,key_185
wasili pavert ronnella,key_186
sohna dailah kalaila,key_187
hernandez-posada alezandra gambles,key_188
eloris renius colten,key_189
hadleigh rozan leyanna,key_190
aran printes kursty,key_191
mohamad khristal alennah,key_192
dyron elssa nasira,key_193
tarajai klemensas kochasuntorn,key_194
tzezka rabadan tavolaccio,key_195
sinahi santoria maximino,key_196
tengler takahisa þrándur,key_197
jefney prestine denvil,key_198
terricia thuc alesha,key_199
aubryana takindra saffie,key_200
deren buchheim crysta,key_201
lochland guillory buchanan,key_202
denielle leese adeanna,key_203
yeziel lashia alessandro,key_204
nickyla agiato ági,key_205
jomarcus saveer stassa,key_206
nightingale aquavia jyles,key_207
astou shirlie elyanna,key_208
brithany dilani meichele,key_209
okechuku delmonte annegie,key_210
brittina comery glynes,key_211
mariya riddles schulte,key_212
fluta alaynnah jshawn,key_213
nashlie vontavius rózsi,key_214
alanah mikaella britian,key_215
corinth rajneesh klieves,key_216
firooc dimitrii ekam,key_217
batton acire dealia,key_218
leck everlener kneema,key_219
ryoji sahair norbie,key_220
jhet shafee noemia,key_221
efkea chaplin lidwine,key_222
kamariona elliekate arya,key_223
tartan samra ishwari,key_224
dannolfo eilke takeria,key_225
jubaeth dudi analeiah,key_226
shalandria loftman karlernst,key_227
zabel sabbo sherre,key_228
jihoo raino ifechukwu,key_229
thanabalasingam praneet zamarii,key_230
emylee aiham ayshe,key_231
serle buetti quintesha,key_232
makenli dooitze aros-eve,key_233
lateefa demarrion michael-william,key_234
saieman shamina eilfried,key_235
denvil krustinka kadenjay,key_236
javaria jobka ealy,key_237
nevis helja xaven,key_238
nathnael quatravious allyshia,key_239
stanleyjr natylie dickman,key_240
jesiel mabree mccroskey,key_241
daquesha uma-devi mrazik,key_242
deontray tyzae jalaysia,key_243
sakarias budhram ludly,key_244
nichol lucília jayanth,key_245
osagie bernathe mobin,key_246
malique vidhi vanderlei,key_247
flennory asiane rosyln,key_248
zeena sampson lundon,key_249
reinu amerson tralyn,key_250
kenil jetchka jayquan,key_251
leban ulysses berklee,key_252
alan johnnita javohn,key_253
anania amlcar saltuk,key_254
leonharda davieon alleya,key_255
drager jonmichael honie,key_256
cocuzzo aldónio umama,key_257
odosamamwen chippendale dontavion,key_258
heathyr taneisha grabowska,key_259
haymond yardena treavon,key_260
thibaut ronnice savastiţa,key_261
duie sciarretta hedgcock,key_262
rovon davids ineta,key_263
amaurie grana devkran,key_264
kortnee longway dikachi,key_265
maeda sandee khristin,key_266
penix carfi nazeir,key_267
chanley lataunya georgeta,key_268
ellada donyan miladeen,key_269
jamarrian prokosch naelle,key_270
rheinlander mianicole robertsonjr,key_271
joeleen zalaysia einav,key_272
edou samuli vedarth,key_273
luzie ezarras oddstad,key_274
füsun quisean goldie,key_275
aylet aizayah daileen,key_276
isela meini sobel,key_277
cheete cendrine nyshaun,key_278
armada ikeria tanaejah,key_279
gradi gurmukh grygorii,key_280
krimsley humeyra boehler,key_281
myrella toniette shanquell,key_282
magally augusto yenni,key_283
aldhair telana keenin,key_284
caiyden ishta chanse,key_285
haidon fariz madell,key_286
connie addrienne abaan,key_287
rikelme tysen xuan,key_288
emilianne jams kleeman,key_289
adamarie khamani stoyan,key_290
shalene kelicia chrystel,key_291
victorio saheem krystalia,key_292
thom destry hayott,key_293
ungley moncriffe nishta,key_294
joellyn shaquile esbenshade,key_295
botjo izrael nehimiah,key_296
xhaferr loveson flosser,key_297
marynn cohryn stryder,key_298
tasnia pallaton jenrette,key_299
kleinhenz maddison-rose lafrancine,key_300
amgela kaicy jano,key_301
uniyah kashawna lhoghan,key_302
thurlough derrall mitzka,key_303
ivajlo karuna verada,key_304
aliceia tilbert yuonne,key_305
kapuscinski kaleem leighton-quade,key_306
rekia ivy kiska,key_307
heikkila seledonio natachia,key_308
chente paycie jozy,key_309
loftman ilyanna elison,key_310
kyston couvertier azzareya,key_311
rakesha dmitri anasztázia,key_312
thomasin aleandra zaraan,key_313
minyo indyia gavrielle,key_314
altabelli aleigha lavel,key_315
nefertary phoebe-mae najiah,key_316
cherilee ruchie kirke,key_317
haunani jeck ulan,key_318
meinie mishal calyx,key_319
veerle sauberer frangiamore,key_320
tayla-mae cinch makiley,key_321
josiyah anagrace franzpeter,key_322
crishaun mystikal nekeisha,key_323
lorena uva teisuke,key_324
adelaina jazon rosaleen,key_325
hoda theres nayim,key_326
jewson bonifacia almestica,key_327
yasuichi lawernce lilee,key_328
bertine antonious nyrek,key_329
dreddy nochum katelynne,key_330
tyrianne preben nicot,key_331
fernandeo voila tempy,key_332
ophir icken charmisa,key_333
marlyin lindsee caye,key_334
izaaz ruiz-lopez clouchete,key_335
leavelle javoney madison,key_336
merushe asmunn virg,key_337
arduina yvonia amayas,key_338
gracesyn caida is-haq,key_339
godsey skylit raafay,key_340
tsitsi nerijus capel,key_341
nehal felizitas mattheau,key_342
siddon shorna kaylab,key_343
chereka yahne davier,key_344
assad luana endea,key_345
vontese maelis talja,key_346
millerjr childs cassandra,key_347
cardia julyen sabrena,key_348
jvante chafdar arnisa,key_349
adleigh dimka heatly,key_350
leagh braco drood,key_351
fredricks selorm flechia,key_352
olufolayemi imaam mnatsakan,key_353
demani devonie terrilyn,key_354
shrivas tayyeb kelson,key_355
dawnell hanning caliee,key_356
redon crissi bigelow,key_357
anthonyjames trisca rumia,key_358
losoya segio oshanique,key_359
phoung lagina keiairra,key_360
aleccia conayr pomeranz,key_361
camber amrina maisonett,key_362
noureddine mcmaster gurjit,key_363
nedo layahna griscelda,key_364
gephtherson isaiha dartanion,key_365
rahmah gerlean tishayla,key_366
jaskirat stpehen dinnah,key_367
kai-logan ninian mayzie,key_368
yordani folkmar madline,key_369
aveli amariya alexee,key_370
isamarie darrall sneh-lata,key_371
lumas dekmar chatan,key_372
elvada lashunya demeta,key_373
tamson roelina odoms,key_374
bok indie-may bovadilla,key_375
rodriguez-barines pietrek domenico,key_376
melton quinterius kenyette,key_377
ding monzell sparkman,key_378
laiani wobke boase,key_379
huerte joandri ashiqu,key_380
dushaj elphège kalaijah,key_381
glendalis jitendr delson,key_382
almamy poteat mendelsohn,key_383
delmario molter riga,key_384
phallyn raynae mariali,key_385
sanda afonso sahriya,key_386
malick keegan jemarr,key_387
zarii margrieta mota-lopez,key_388
hiltje miķelis taianne,key_389
raborn schroder mariatheresa,key_390
prado jerzie wendell,key_391
lolitha eddings kerwinn,key_392
aliceia shultz powells,key_393
kerril mikolas aadilynn,key_394
sandlin sigurkarl leontre,key_395
dashonna fuencisla trashonda,key_396
niomi-jean abrionna jakeara,key_397
latonio razija zuli,key_398
ritenour joaseus marylea,key_399
peniel artemiusz secoya,key_400
benjamyn izara dimcho,key_401
krut clarhe lucelia,key_402
charlesjoseph dalante cynamon,key_403
cristalina cannell unice,key_404
muskuran keeron caseres,key_405
cilas redon hermanus,key_406
royanne ibro gegam,key_407
heigl hoper laquanna,key_408
askari izic ellie-ann,key_409
katzue morado raihana,key_410
bronk chellsie hawley,key_411
marcelino rudean lilo,key_412
chantey nimtz bilge,key_413
abdelrauof ferra haroun,key_414
tudorina aasir dezmend,key_415
lozado lucie-rose jolenta,key_416
vanasia ieme vjera,key_417
torita shioban isadora,key_418
danish annison claudya,key_419
nedyalko lonne mohan,key_420
sahill hadriel vernona,key_421
axten arabella dietfried,key_422
melodey ocelia majer,key_423
dazlynn dosta reggan,key_424
atalya jhagdoo stahl,key_425
leiann friedhild monaya,key_426
lequentin danielynn catherine-ann,key_427
jon-james crammer marifrances,key_428
androulla nieck biniam,key_429
mindie milissia amiaha,key_430
roobert octavous salchunas,key_431
artana lurry oluwadabira,key_432
ambee bloomfield johnney,key_433
rogan ciwan emilynn,key_434
chrishaunda beecher quasia,key_435
fatebena ardhan shah-zaib,key_436
vesro annkatrin muslimah,key_437
aijahlon kalvi adinel,key_438
madysyn kenyeta heidemaria,key_439
kaeliana sienna-mae tayub,key_440
pirlo aringe fachanan,key_441
seiki munraj xiong,key_442
tavishi ingris jenanne,key_443
anastaisa rog stepan,key_444
vida ellyn ezekeal,key_445
rayonia luby jayannah,key_446
jacaleb boskovich ragoonanan,key_447
evadene lamor festatus,key_448
gurash merald wafa,key_449
tristam guðlín shoichi,key_450
magdaléna ligetti daisy-anne,key_451
autianna tackett volkert,key_452
vontrel eua kristy,key_453
delgardo koski grigor,key_454
xenija njeri conolyn,key_455
zeon trone yaniece,key_456
lakshana markevus lillyah,key_457
geneane dagmar osiah,key_458
xymenes andyn lowmark,key_459
theofan ruska keanun,key_460
zanfira zohet tashalee,key_461
dreylin anunciacin hale,key_462
hein darrnell caelean,key_463
kylina odeh samaad,key_464
wolfy kharli pomper,key_465
yairi viquelia yasira,key_466
ciah charlestine kianna,key_467
roozbeh melrose persingerjr,key_468
emogean emillio agnė,key_469
rejwana eman mcclung,key_470
taunia lakeea balkaran,key_471
ezmai corrinda raam,key_472
labana duhah nocole,key_473
thulasi vora edma,key_474
volkrad scharmen eshaal,key_475
braelynn akifumi lartarsha,key_476
penne kahlan aninye,key_477
tiahja geremias fatoumata,key_478
jeniene tylerjames numair,key_479
ladislau michaelee eaton,key_480
stavrica ethean čazir,key_481
raetta savonya ayami,key_482
verone mcquarter elvine,key_483
persephonie keneilwe mirlind,key_484
genovaitė taylre laurae,key_485
aaliayh vehibe karime,key_486
chuy telise sundee,key_487
guiscardo lyiam monjur,key_488
daveda kreedence rockney,key_489
virgília kairee kameisha,key_490
miyasawa haley visuvalingam,key_491
gonzalez-martinez mauro conaire,key_492
derell enmund jonmichael,key_493
tejai ullanda gurdarshan,key_494
vassar darrington cheryel,key_495
adelayda michaia blane,key_496
rexall lavonnie oddo,key_497
toshifumi piane lillybelle,key_498
khadesia marsden cula,key_499
darriell siraaj eto,key_500
kirshbaum vica jassar,key_501
acey rayquann gilby,key_502
corabelle argiñe ryusei,key_503
juwel yorgo gisberto,key_504
silus dayanis marna,key_505
sibora ariyonna rksasa,key_506
mansi coeyn cerisa,key_507
bana haggins stoat,key_508
ceira inchierchiere alovinard,key_509
kopelyn luecille jaeliani,key_510
qunnie morrine barbarino,key_511
yoshihiro shahyan damyon,key_512
azad-john maïlys amritpal,key_513
hrisula annice shambre,key_514
marikos octavien diarmad,key_515
eglantina hobey shanaja,key_516
peni gianncarlo jerae,key_517
keeley-rose cainan emeliana,key_518
glazier stefhanie monisola,key_519
iyonnie lilyella anastasiea,key_520
jorin rients baturhan,key_521
menley lashunti doshie,key_522
trulie paylen tiffini,key_523
ioyal britannia trvis,key_524
netherland taiyari daeyon,key_525
aliki wassily kriscinda,key_526
manorma suann e-yage,key_527
heidy azalene sinatra,key_528
jessiah jekia jaciyon,key_529
makahi jayvean tandri,key_530
sharees aneira aveen,key_531
omagene hálfdán patress,key_532
bryland chestnut aidrian,key_533
ninamarie sanantonio zoraya,key_534
charlain kerlyn brylor,key_535
nezaket zeyad figuero,key_536
félicité timani rackwon,key_537
waneita adalard lugos,key_538
moise darcy-mae devari,key_539
mahoney atwood lishia,key_540
jillian ainash chavon,key_541
valor seila zarena,key_542
amoritta rosezella kauly,key_543
deimantas talmon rayshaun,key_544
annell kamta krunislava,key_545
bilkis gaja malama,key_546
travell graybill rauha,key_547
mohagany najibullah annekee,key_548
felicha kolleen ishia,key_549
sacit avaya reeno,key_550
shamanda liv hortencia,key_551
marley-jay calvion maximilienne,key_552
wyon benitez-rosario delgardo,key_553
pysczynski mustafizur janko,key_554
ellie-rose eskil daysha,key_555
scarletrose amit neena,key_556
jayvis octavis laiyba,key_557
sachairi mylove nyeema,key_558
jama ryoko ibironke,key_559
marae keidon shuniya,key_560
ionie wilmajean durinick,key_561
saimon vittorino chileh,key_562
antoinese doras angeleah,key_563
harrigan heidie vy,key_564
tipu jabon noveta,key_565
kestyn minasian sammi,key_566
shauntele eagleston arrik,key_567
kenedi loisl englemann,key_568
ashaki bernis aprill,key_569
dejion hatixhe rayshon,key_570
kydd muath enessa,key_571
leonildo santos crishawn,key_572
andrean pookela allbritton,key_573
cardona sioban yakyra,key_574
bjørnar karroll denie,key_575
anielle nathaneil palwinder,key_576
labay lepanto živadinka,key_577
malayeka harce amedio,key_578
myion shahien togzhan,key_579
savannah-leigh justis yingshuo,key_580
ricquita mairtin leandro,key_581
ashik samuell merricks,key_582
aiya-rois nobles shprinza,key_583
voletta aswell hafza,key_584
courvoisier poe keirlyn,key_585
murvin fichera anina,key_586
hoffmann kennzie arde,key_587
magnes samatar tomica,key_588
flores-galvan hellfried boylesjr,key_589
humdan tanyell amalía,key_590
jonluca josaih ullanda,key_591
lole arcangel ghi,key_592
kaylanicole hamud neris,key_593
shallu armstead dockie,key_594
gyarsi tehesha mandrill,key_595
hiliana pappu borghild,key_596
jakaylin mulani pagano,key_597
nytia weyermann courtney-may,key_598
carna taya-louise tyneisha,key_599
reece-william madeus cortni,key_600
prelesnick rares naohiko,key_601
calionna peysley neata,key_602
dechlan denisse josline,key_603
thorndike charona ronnda,key_604
allanie dženita territa,key_605
bien szofia rasheim,key_606
bash markiest grigorie,key_607
aeriela lincheta clorice,key_608
fariba abdulsamad floden,key_609
depre nirvik blanaid,key_610
roselin nashaddai strickler,key_611
rela zyel natalee,key_612
warnetta reavis jaushua,key_613
willidean titeanna bernabe,key_614
sansen shanty fenyx,key_615
jasminko graclynn gebbine,key_616
agda mikha aarn,key_617
bilotti roselene starkey,key_618
afiyah deakin maronica,key_619
tobijah doyt gabriell,key_620
demark gabrielis daral,key_621
jakaylon graice hennadzy,key_622
amerika wisnicki parmila,key_623
dimassino ashrita paiten,key_624
atsuko towson crystalin,key_625
twinkle kalia trayonna,key_626
krijna jahtavious fyfe,key_627
izyck tekera ksawery,key_628
antionne allina alverson,key_629
westervelt jotvingis lilly-marie,key_630
ladanien darlinda alajiah,key_631
latacia ygnacio buchner,key_632
didzis cassiah dawneisha,key_633
diao hadleyann sharmyn,key_634
givanni trabian delijah,key_635
libbi zong kristmann,key_636
cerrissa leah-mai laia,key_637
medich naylen angellie,key_638
graciani zikret caudillo,key_639
nelina paule kenni,key_640
bicking aimslee romarni,key_641
sakisha shandia siyaa,key_642
baela ekko annyah,key_643
nealey jalaia varney,key_644
dorcea jorgie quatravious,key_645
celisa syndey ahmier,key_646
kaliese jarrard unyque,key_647
uniah bambi lovre,key_648
aalyia cherfrere celinka,key_649
dipika ericha clyve,key_650
reesi seancole derck,key_651
giselind whitten kensler,key_652
shimekia urtan aylana,key_653
mcdade marjolein ischia,key_654
canek bethie carmindy,key_655
laiyana bessie-may nyiana,key_656
mellodee naghmeh bouvier,key_657
lyann cornelious antoanela,key_658
greno mckenly daryell,key_659
yadhira gonneke quashanda,key_660
kaiyu levant daouia,key_661
eamon marcelaine jashandeep,key_662
vaneza tsukie naiha,key_663
catlettjr arev hoeke,key_664
letch denai khanna,key_665
soila zameer jahmari,key_666
zyniyah kinata gheorghina,key_667
dong beaty enenstein,key_668
mesadieu janaila basse,key_669
lemmonds elinóra oneita,key_670
matsuyo julijana kawhi,key_671
veroljub stoiko castillo-dejesus,key_672
nelcy alfea gammaro,key_673
jancko seleen mcintire,key_674
humphries mezziah hugi,key_675
aniece treylin morter,key_676
friederika rilee korvin,key_677
norabelle motomitsu mayhew,key_678
kadance ikira bernadett,key_679
crusita fahham bernódus,key_680
birttany shishko kolee,key_681
esteve sawyersii tarnette,key_682
abbagale dajavette dashawnna,key_683
chanella jahlia phillipmichael,key_684
ernad iley tiandre,key_685
finch amorina teohari,key_686
midhat irin montavia,key_687
foister ozelia marly,key_688
edlira mishaila krisandra,key_689
hannahjo severson brycon,key_690
ivzi callaway pigg,key_691
tianxing muneo anthonii,key_692
ronetta choi sophie-jo,key_693
sipra anjalika lisha,key_694
toshifumi draven phillicia,key_695
lexi-amelia adoniz coppock,key_696
sukhleen thomas-patrick persyns,key_697
zainud-deen dóróthea lugenia,key_698
quaveon phedra yesania,key_699
margarido setsuko zvetana,key_700
canek kamyrn leia-marie,key_701
sirish rayda heladio,key_702
mateah parrotte morgan-leigh,key_703
jleigh muawiyah visitacin,key_704
vontese lissia zorka,key_705
maryesther mangu mountjoy,key_706
danytza zainub amelah,key_707
joevanny deedy sirp,key_708
aadhi amery ulrik,key_709
koeth tulay eda,key_710
ananas delina iulius,key_711
rafat delylah backus,key_712
suazo alyene sumaira,key_713
cylar voyle norvol,key_714
ivon iudita dauenhauer,key_715
rudolfine natha fawaz,key_716
kerianna dama matthus,key_717
pujol peter-alexander bullins,key_718
loughlin bernardo loston,key_719
kaldi shaquisha pigeon,key_720
marleyah ejner nelvie,key_721
olaniyan wanjiru sorbh,key_722
gerritt stoeber lorien,key_723
kulsuma idessa andriea,key_724
kemira gosse ela-rose,key_725
audryna hardge unodiwanashe,key_726
kiata chukwubuikem sidumisinkosi,key_727
rayjean upchurch linaya,key_728
sindre jakyren trudie,key_729
delishia dobb re-gabriel,key_730
dragia tejay sitarski,key_731
sanfiel naketa eufrosina,key_732
keville kenrik rishik,key_733
shakiva decarlo clester,key_734
pearla maget luren,key_735
dorlis chelseaanne loukisha,key_736
bashee loretas bettzel,key_737
jemmima mckensy i̇shak,key_738
oceania ronnisha corsha,key_739
harnaik battat ómar,key_740
hasaan ahnjayla joelie,key_741
danna yarixa blakley,key_742
cabral trimika rekik,key_743
swayam naadira konlin,key_744
laurne dan tederick,key_745
lence sisanda nyzaiah,key_746
shekera edelweiss emilee,key_747
alxander nehemie monahan-estes,key_748
altynai lilica nisrin,key_749
rozalyn sahian leondrus,key_750
kramer lymus mariamu,key_751
atsuhisa odalys gülender,key_752
gatze matiss manosh,key_753
shetika humpy mirko,key_754
teigen laimas diomidis,key_755
dhruthi maggiorino makael,key_756
braely tahjai revalee,key_757
rhueben leyla-mae dennies,key_758
iuan ramchandr tayer,key_759
juanenrique rolands izik,key_760
holta flem moheen,key_761
narcis sümeyra daniyaal,key_762
aayden-jon kassim loisanne,key_763
sidhanth atonsah khezar,key_764
zamariyah mormur ingfried,key_765
tekisha bridgens zamyr,key_766
julisa siyaa onyebinanma,key_767
maximiano julietta antanae,key_768
philena lexys bethyn,key_769
evalei mishelle wisper,key_770
parkor hardin folina,key_771
lamberta aleitha hotske,key_772
delpino pasadis presutto,key_773
martineau visan zadan,key_774
danikhamay nevyana liberatore,key_775
lakaysha zakerria moncrief,key_776
hortensa tomarra teodolinda,key_777
majid ingris sevleta,key_778
cristell akshiv roshida,key_779
arkeith reeti janard,key_780
ashton-lee perkowski detron,key_781
labeena ralphie balais,key_782
shahena tohseeem ladante,key_783
miaisha hagensee nachele,key_784
cirina nagad hesper,key_785
kadaysha lesher lagreera,key_786
ivie-rose sára parkor,key_787
shristopher heisel herick,key_788
cummings rasheena runette,key_789
yathziry birtwell jnai,key_790
korrie japree terri-lynn,key_791
kireina paulena kelechi,key_792
leom sovanny parmeshwar,key_793
greenslade eevie azsa,key_794
keawe tasniya mouctar,key_795
coad brooklin wasiq,key_796
stallnacker menşure madewell,key_797
harrisyn breelin triine,key_798
vontrel utae brania,key_799
birdia cahra daphnie,key_800
bernadin abdikarin eliesabeth,key_801
anghard kerge makadi,key_802
arikka nestale adiqa,key_803
cadell trinice albarran,key_804
westfahl jeanean elee,key_805
adelheid zaniiya frej,key_806
ashleylouise gianenrico plourde,key_807
kilduff joshua-dean usman,key_808
myrical kahel abshier,key_809
fanechka jayden-mckenzie alexson,key_810
saed seith cumberledge,key_811
emmakate leilynn corley,key_812
veeru neika kedarmal,key_813
mariahann mcconnaughy constande,key_814
seften joathan alipio,key_815
jule prouty damyia,key_816
amiri muk evellyn,key_817
galip deylin zamoria,key_818
damarni papadas siegrun,key_819
deleana siddiq suheyb,key_820
marley-mae cecile daon,key_821
rodenberg bleboo shirlye,key_822
maddison-lee wein sayhan,key_823
bey laura lochanjit,key_824
marelya marissah-may joanny,key_825
trometer trujillo witlof,key_826
brainley myrtes meldoy,key_827
harkeem grigorie ticarra,key_828
ivoryanna palarchie zoika,key_829
ladonte kendraya bahara,key_830
vickiana borga ageliki,key_831
emrehan adeltraud greaves,key_832
antoinet deven rovina,key_833
sirlis schaun gristian,key_834
quishawn mayge claar,key_835
hiren kella romilda,key_836
mallorey alikai herndon,key_837
makalya laniece palwasha,key_838
noaman nasira daleyah,key_839
jaykub gastone leski,key_840
capitolino comptis sapana,key_841
tangula bexlie shacori,key_842
nubia magne mcglymps,key_843
jacop jimal soe,key_844
savannah-leigh geftos ellisyn,key_845
weil tabathia ramwati,key_846
shadonna adryana zborov,key_847
darrek horwoth moolchand,key_848
vae brayson ailyne,key_849
theres koleman zalaya,key_850
raghnall thrity klous,key_851
elliani aaronson queneshia,key_852
gene evilin amberrose,key_853
frantell thaddeus shatonia,key_854
bashan oļegs valcius,key_855
tzezka shelika sekena,key_856
nifong bartinus manbir,key_857
dmytro kariem kirsi,key_858
muaawiyah aitken leilannie,key_859
kiane daft charlese,key_860
jernimo marica kiefer,key_861
þórkatla željko meekah,key_862
anastasios kotryna holladay,key_863
aaeesha icelyn kham,key_864
cosby novela mangelsdorf,key_865
gebrael jeb argenys,key_866
makaia rafn vendel,key_867
fluellen denman iftekhar,key_868
ozan tahmia belah,key_869
fila manifred tovin,key_870
keauna keyonna mahkyla,key_871
malcon josi alieu,key_872
khulan reider charissma,key_873
dawnica mileke alisha,key_874
dioselyn tiyah dicey,key_875
bralyn earnst rozon,key_876
vahit calirae jaylond,key_877
rigbert olliver jaweed,key_878
vaidutis clariano londono,key_879
katzir quitman sakineh,key_880
amriel malanya mesiah,key_881
tümay aiso delania,key_882
kyros esperanto jepson,key_883
sukru analeigha jennerett,key_884
patricella avaeyah jarret,key_885
cetric shaelie vieira,key_886
ferraro lakeyta gulmehak,key_887
rachell norona waine,key_888
kymira zijun saif-ullah,key_889
luisangel klairissa ikhlas,key_890
florin fontes arduina,key_891
estrela hanson shigley,key_892
tudosia abdisalan javae,key_893
johnrichard abbie-grace ernir,key_894
allyanna raby parmila,key_895
jarrelle uba woodley,key_896
kise pente clintonia,key_897
nadide meelika broux,key_898
ebrima-fai benedita calim,key_899
yancarlos khysen delora,key_900
janemarie jayonni steban,key_901
yoshiye ajtene laboy,key_902
aslee valérien riyana,key_903
lissner damontez nitin,key_904
teake chatmon claridy,key_905
ibrauheem musub dorielle,key_906
jayonni adwell annalyss,key_907
lanayah shonique shateema,key_908
prezlee kareny salgado-osorio,key_909
rekhwan arnór paulanne,key_910
billie-jo ariely abbygael,key_911
ajkun rimon jago,key_912
quenette murissa maiven,key_913
alicha andrewjohn dharmendr,key_914
twyon andelyn yogita,key_915
mahdiyyah desda priyan,key_916
olivia-grace brundidge kayode,key_917
caryna aivyn daxxon,key_918
camrynn josielynn nately,key_919
sirly gabija upshur,key_920
rinleigh matthis sirmons,key_921
andersen tycen sopher,key_922
kawaski davarus naif,key_923
dietwalt chonda monserrate-jacobs,key_924
avrahom yasman hallicy,key_925
lucele laudine oulton,key_926
janaka mukhtar mitja,key_927
estibaliz alastaire kymbrie,key_928
maillie brodie-lee sanaria,key_929
geffrard ullman ramdat,key_930
lodell ajanee bethune,key_931
jalee kenten jeannete,key_932
cuttler abdulai finklea,key_933
tirrell tyvon jaimini,key_934
gaeta jaryl hollie-louise,key_935
getts hudnall mallery,key_936
amanni manraaj shailene,key_937
haridutt orvin peli,key_938
juanantonio shakeria kornegay,key_939
onawa rinya peirallo-llorente,key_940
heise abbie-rayne hans-peter,key_941
zoe-leigh jazuri paisha,key_942
velon durfee bella-rose,key_943
resto crystiana hickory,key_944
cresswell shamonda reholga,key_945
maiza gelman kamaile,key_946
hettmansperger azeglio baitsholts,key_947
florinel alvania marziale,key_948
aalilah markiya tomorr,key_949
claudell erlen rayza,key_950
elfrida laquanya chiamaka,key_951
agran herbie dhani,key_952
abduh coledon tarcha,key_953
vincie amany kaimerry,key_954
hermina ixcotoyac lymn,key_955
modesti selph guillen,key_956
gereron millur fransje,key_957
belk biance daimyan,key_958
lopez-ambrosia iredale shanrica,key_959
annemiek niamya usanis,key_960
antonello cenka decelis-iglesias,key_961
alivianna tayshaun marynell,key_962
nishelle torei brittnee,key_963
jaquana aynara betzalel,key_964
miapetra marder mullenax,key_965
kashae dardani fixel,key_966
edelmann airis begw,key_967
bohle fridolin lakeea,key_968
kiriazes vendulka kindrea,key_969
tetsushi koslo laylee,key_970
pfeiffer ashma pasanjeet,key_971
neli satpal aimee-lynn,key_972
aaliyah-may emilia-jean stanway,key_973
luicana shakeen saramarie,key_974
dragulin chimaobi federica,key_975
nicolyn jerlin eftica,key_976
tomita rezana stepahanie,key_977
vadna shyla-rose gassman,key_978
ryansh welter alexandrer,key_979
kendon alisander jean-bart,key_980
carmesia iseah yumuk,key_981
catrin elik anquan,key_982
siskind gunta reger,key_983
gillins ciaran-james adrijana,key_984
terria jenai arba,key_985
jerianna sofika ricaurte,key_986
arindra levani adaiyah,key_987
xoel saidey murell,key_988
aspasija amalee faune,key_989
silvijo zipora natsuo,key_990
joice taiyler prati,key_991
enver meleena riplex,key_992
taylor-jack vidette ramkhelawan,key_993
iolenta atilla keissy,key_994
antonay jaceson lachara,key_995
karlen saretta maybelle,key_996
graciliana koua cassandra,key_997
yevgenia camia melchiora,key_998
frye amsey melora,key_999
gulzat fahmidah mackey,key_1000
monno anaaya brylea,key_1001
endya yukti njomëza,key_1002
ayomiyato ashika ahja,key_1003
cela dovonte wanette,key_1004
brittnany nerius tynisa,key_1005
sniyah barcroft landrigan,key_1006
foust mercês tolgay,key_1007
eggerke meneses stancy,key_1008
daiyana cowansr benavidez,key_1009
ketcher suprina jennely,key_1010
embri shiye barbarita,key_1011
kavik décia haskel,key_1012
malyha sadiel kathlee,key_1013
bancroft henriella sheronica,key_1014
uda azwah nerti,key_1015
jasemin cavalli charlisha,key_1016
yelson katheine leilane,key_1017
masaka postaski eliazbeth,key_1018
bayyinah brink liisi,key_1019
shiyanna iivari yankee,key_1020
capitolino sicilee darain,key_1021
dandridge nikolitsa monya,key_1022
salvo euna oryon,key_1023
chontel catie eleanor-rose,key_1024
yasa naod ishaanvi,key_1025
naviya davens ragbir,key_1026
rowan-junior arrigo getha,key_1027
sadhia morolaoluwa juwaan,key_1028
oakey insco mook,key_1029
lynch wolter benedikte,key_1030
illyes amadis jaydalee,key_1031
clellon ava-catherine haddi,key_1032
nykita caceres chancy,key_1033
víťazoslav velaram tenslee,key_1034
lafe chizitera atreo,key_1035
jaala curdin kuebbing,key_1036
varnie afflick-laidley darlisa,key_1037
riuka disdier dawaun,key_1038
steenblock aoife-marie bratcher,key_1039
paisleigh efmorfia lurdes,key_1040
abcde kaleiah padowitz,key_1041
mashay aranca cham,key_1042
bryian randilyn taisha,key_1043
denesa aby yarenys,key_1044
fable polly engstrom,key_1045
alisha maeleah darko,key_1046
lyrae hermana koujirou,key_1047
kattya ayelet ziemowit,key_1048
şaziment antonine kashious,key_1049
jillianna corsica nephi,key_1050
noël thieß amrhein,key_1051
pio rysler milks,key_1052
þóra emi-leigh adyanna,key_1053
anahid arūnas avalyn,key_1054
tisbee jerrimy miseta,key_1055
joanita kyrek janthony,key_1056
adairis debarghya ahnjayla,key_1057
besiana jimiya jainaba,key_1058
mcduf sheniz siire,key_1059
dashane bruke matia,key_1060
shrinidhi jeune cay,key_1061
lovett alezia detorres,key_1062
magna shuan lica,key_1063
reianna eelkje kaiz,key_1064
tillyrose giangiuseppe mariapia,key_1065
hariyah nuccia lammert,key_1066
kandise adylin ariiana,key_1067
morgenthaler louden sienna-leigh,key_1068
shornick lennaert marshell,key_1069
loriel trendan trysten,key_1070
milanpreet eleesia laquisa,key_1071
crispina ajay yaritzy,key_1072
deboles meekins joshie,key_1073
lammers crescencian fevzi,key_1074
aidanlee lilyauna faith-rose,key_1075
ladarion eliazer botelho,key_1076
frankie-may suhavi yakirah,key_1077
estil lakeley nyari,key_1078
highlande jyrki aaniah,key_1079
kirthana liberdade cassanda,key_1080
breshay carwyn anaely,key_1081
ruby-jayne starleana rudīte,key_1082
jhaniya johnsonjr farnum,key_1083
gülser hallfríður pattison,key_1084
koujirou taurence teghfateh,key_1085
melike abuaber souhail,key_1086
wil lenard avva,key_1087
fanessa zanea osca,key_1088
haashir horan ljerka,key_1089
geovoni manie shawntez,key_1090
günay ladonn wendella,key_1091
jadarose eun lyriq,key_1092
agnella bornstein rymer,key_1093
maryangel ahmina hut,key_1094
áskell bradbery eynulla,key_1095
ruri hooria ulyess,key_1096
keillen aalea suhaill,key_1097
yucheng orabel dacion,key_1098
frans antaja palomo,key_1099
saija shaniaya peary,key_1100
namara ledarius hansika,key_1101
moneika azeglio jennavive,key_1102
kialie zion-antoine jaymae,key_1103
arpit nettie youlia,key_1104
zeina houze myajah,key_1105
cogdill benn azharul,key_1106
yashveer sarva timocy,key_1107
aniesha daniyah mccotter,key_1108
kahmyra christiona keanua,key_1109
feargal gaverne tavaros,key_1110
jadiss domnica lily-faye,key_1111
italo gwender ubhay,key_1112
laisha yashoda manoochehr,key_1113
ndey laedemi noahgabriel,key_1114
hepza ffion jari,key_1115
downall mysie evgeny,key_1116
poe fransisca basheba,key_1117
mamoon kewanna riccardi,key_1118
janasia flemon yeimy,key_1119
latoyo amarelis najir,key_1120
suzon kassie reinfried,key_1121
sibusiso rayjanae carruth,key_1122
ifeoluwakiisha babür susian,key_1123
baelyn petey flavis,key_1124
damaya fietje rontae,key_1125
ronishia laurrine wissam,key_1126
staka carson-jack lexie-jayne,key_1127
halyna belany luissa,key_1128
yordani gardia weitzman,key_1129
hurston natlie shaunise,key_1130
pleas masooma reeanna,key_1131
clifton elijahray jerrimy,key_1132
darric berthi lesesne,key_1133
eliasar kairell zaydin,key_1134
arwa erastes niall,key_1135
nihaana eduvigis ketty,key_1136
navia harris-singleton olugbenga,key_1137
alisha-mai बबीता adasha,key_1138
tzanko jaiwan shirely,key_1139
mckennan octávia clémente,key_1140
dorinela meron simbiat,key_1141
byrdo carlester meztli,key_1142
kimonte gladina silene,key_1143
jaeya ramlal erk,key_1144
fumihiko idun kassim,key_1145
robertcharles disean yenziel,key_1146
kimarri hedve budding,key_1147
junna keyvin fraukea,key_1148
tytin martirio amorette,key_1149
jushawn oceanne sklyer,key_1150
amandus nicoll gitza,key_1151
veyda juelian stearn,key_1152
jasiri hodierne furney,key_1153
idalino anesh theus,key_1154
tashonna jaimi-lee ramesh,key_1155
veeraaj enise saliou,key_1156
pragathi shadara lacey-rae,key_1157
margerie vianna tonnya,key_1158
crimins karter-jay yorker,key_1159
latracia vismay harrold,key_1160
kaedis vonciel veta,key_1161
amicon nick sühel,key_1162
khalisah peake veroljub,key_1163
engram yandi taylorjr,key_1164
shivi kachet personette,key_1165
tajha mayford svetljo,key_1166
lily-anne danieljoseph kalani,key_1167
mertcan natahsa seriena,key_1168
hefziba kimbel green,key_1169
raymonda elli zoika,key_1170
geretha diptarka noorul,key_1171
prutha matz žaklina,key_1172
treufried daenarys mekyle,key_1173
deshay cataliya hutchins,key_1174
miah einy sarmite,key_1175
chih deenie antoinett,key_1176
hidalgo devaj abdulkhalek,key_1177
shahood mellina miljenka,key_1178
waymon kaymie cendra,key_1179
moffitt xhesika baumann,key_1180
feyzi ozil lovonza,key_1181
ostrander hobley irmeli,key_1182
brandia faye-louise dibru,key_1183
vittini shailan marke,key_1184
varlan martio zach,key_1185
silverius mitchel jamaria,key_1186
anjennette azoriah elcy,key_1187
dequanda zeshan anjesa,key_1188
rahaf emman coralin,key_1189
ogheneteme keyshaun cesalie,key_1190
samual areal vangjush,key_1191
daiwik dhaya abbie-may,key_1192
agee hedgar amot,key_1193
nasiriyah lilika vadym,key_1194
arvella priscilia tresa,key_1195
jodianne ruminer meilynn,key_1196
anikia ramvilash kenyonna,key_1197
raynn albrey minkashi,key_1198
umari detzer cambriah,key_1199
pejsach zarrion lynlea,key_1200
shanil eurel eschol,key_1201
malia zaraah grego,key_1202
jenney labrina alayha,key_1203
irland eany rosemae,key_1204
addelaide jenyce shanora,key_1205
aryana normandin caseton,key_1206
meagher ezra-scott keedah,key_1207
keyondre lilas mackinlee,key_1208
finnis haloa tabius,key_1209
krizia monterion zhang-francois,key_1210
dhameer metsky piyari,key_1211
aisya emerson anneriet,key_1212
chimaobi sanderijn soji,key_1213
welmer harjo errecart,key_1214
nacier kailey dakch,key_1215
lovie ebonni natifah,key_1216
cedrianna kania phoolwanti,key_1217
sami-ullah roid hernandez-ventura,key_1218
masa dafodil viveros,key_1219
yalixa joyden shanaja,key_1220
hulon freja alassandra,key_1221
indii glora diton,key_1222
sarazen finy hambyjr,key_1223
aziah javohn aleicia,key_1224
shedrich azeldien kiedis,key_1225
klaas fatushe johnrichard,key_1226
neeley kisha rieleigh,key_1227
ebecca harhi antra,key_1228
aigneis dea yudith,key_1229
teirtza floe lornalee,key_1230
kayshia akadia gilmour-harry,key_1231
jelise pangle yukako,key_1232
tynetta brysen cheyanne,key_1233
viktor tomekia agnant,key_1234
bogie herrod amiera,key_1235
jarol macaleb jonnica,key_1236
climes ammara tocara,key_1237
rakayla teslimat michelann,key_1238
alii nathann galip,key_1239
isom guruvansh passman,key_1240
greydy ozymandias eslem,key_1241
bradney annaleigha balaal,key_1242
thales gesche janelyz,key_1243
honester tanji donnelle,key_1244
feodosia mosby panfilia,key_1245
jaysin hasya panth,key_1246
veleslav tonoa idreece,key_1247
briceyda taylorjr aspasija,key_1248
groover brialle breeyana,key_1249
lakyra marieann mania,key_1250
pry dywan celida,key_1251
báirbre huckeba bogusława,key_1252
loreine sherre cletes,key_1253
lininger gusty airyanna,key_1254
offen connie-may kasyn,key_1255
torry dezzie tenlie,key_1256
erienne remone meleesa,key_1257
kairese gland rhyus,key_1258
lafonda enus trinaty,key_1259
marosco hunny solomona,key_1260
eriko amende emelinda,key_1261
fynlay lambsr marilon,key_1262
jazlyn syrette sharayah,key_1263
zaviah vilheme laspina,key_1264
ashlesha kailong anntawanna,key_1265
marliegh julene bidal,key_1266
chandley carn zaheera,key_1267
amey-guzman regisma igbal,key_1268
absidy rentsch ziheir,key_1269
ellaya hapte kabreyia,key_1270
amania lakietha kraven,key_1271
karadyn bonia raqayim,key_1272
jazmariah joswick zampardi,key_1273
sopha toshia boyse,key_1274
olsi dooly brieya,key_1275
jessicamarie marianny charlotte-clare,key_1276
leanard mcfalls peake,key_1277
maimouna lilli-ann adolphine,key_1278
verla milissent miguelangel,key_1279
athie kavya estalene,key_1280
etelca baines orjona,key_1281
ariyanah audrinna barboaz,key_1282
munachimso adelphine hommel,key_1283
bado pankratz leopoldína,key_1284
hazim serrena erubiel,key_1285
macaleb mort lynetta,key_1286
sairish nieto kartikeya,key_1287
brence akaia makeena,key_1288
jahniel kyrein lanet,key_1289
lukash evaluna dokota,key_1290
zenoba vitalijs andreis,key_1291
imdad dhruvah brixlee,key_1292
reade austin-ian khairah,key_1293
staffard melayna saavin,key_1294
konstantia kaliana adairis,key_1295
greetje janiel noail,key_1296
latrishia artair tihara,key_1297
khalayah gulraiz mazion,key_1298
winfried asabi lienhardt,key_1299
vartan harmanna yosun,key_1300
rashik blaise roah,key_1301
sönmez bariaa jarel,key_1302
novelyn denis seneca,key_1303
wlliam seabrook morgan-lee,key_1304
douachee calanthe mccarver,key_1305
heintzel breese halayna,key_1306
abdulsalam sonnel privette,key_1307
valida kuljit júlíanna,key_1308
cläre kati rorke,key_1309
jerrik pereira-esteras leighlan,key_1310
sumirta klementina gwynneth,key_1311
abdualmalik shavera amyrical,key_1312
domita mekaela žeraras,key_1313
k-ci monserratt tawayna,key_1314
brendalee lamea adina,key_1315
carnelius maxwel tinaret,key_1316
kamrii baia kinslow,key_1317
ellesia tatyania gokey,key_1318
izayha rozbeh mikeisha,key_1319
tivon navor osmaidy,key_1320
parma corazon roman-colt,key_1321
rashidah jakkia perez-pardini,key_1322
lathusan arikka antrione,key_1323
sharell rubab khobe,key_1324
marziale reegan-alexander kieffer,key_1325
ramirah cashus cornelie,key_1326
chigozirim baebel schalles,key_1327
darene simonas yetac,key_1328
ayodeji dylan jymere,key_1329
henden selasi georgs,key_1330
jyion wurtz finella,key_1331
myrikal eban paislyn,key_1332
yasmine adeliya elouan,key_1333
berit odysseus myrtte,key_1334
azaylia calais shakyria,key_1335
marylue leah-jayne akiyoshi,key_1336
haje ralston luvine,key_1337
kunjan drace aansu,key_1338
sevanna airlia giancarla,key_1339
annajo figgins jiaqi,key_1340
jenniger cleve hareta,key_1341
marsicano medberry thistle,key_1342
esmihan mungo matzov,key_1343
ismary jackielyn zeniyah,key_1344
jayleeana mazzei haizen,key_1345
baukje jaxson-james elnaz,key_1346
geraghty yanali micaih,key_1347
gabriely shadawn remijio,key_1348
crain carriebell sahori,key_1349
phoebe-mai frezell denilah,key_1350
mackenzii salida lynnox,key_1351
zikiria nakendra ejder,key_1352
galilee barthmaier nixen,key_1353
talula mirayah joshus,key_1354
gustas isaías kadija,key_1355
oroian chylynn lenio,key_1356
macall dadne nathina,key_1357
denishea lisvet keyonta,key_1358
antons shaul tiasha,key_1359
santiago-merced nyshawn khansa,key_1360
heathe condurso lumbard,key_1361
magdelyn stephaine hanalei,key_1362
ferdie kacie-mai cattiana,key_1363
sorren sajdah aydree,key_1364
preksha berle jonael,key_1365
quentez traigh jeffre,key_1366
turmaine keywaun argyll-sutherland,key_1367
irshad abdeslam nelio,key_1368
guilaine bipnesh niquisha,key_1369
zikira prudencia charlann,key_1370
benhart nikiya ि‍वजय,key_1371
tarajah taylun darlynda,key_1372
parmida azra chandler,key_1373
shamaya marzano albertina,key_1374
qudarius jannan quinten,key_1375
rowda donlad macayle,key_1376
caisha tornell mohammed-daniyal,key_1377
gloryann jorgenson aneeksha,key_1378
benedykt winola oscar-james,key_1379
zakaraya niyaz naseeba,key_1380
adione sarkaria kaylei,key_1381
skyla-grace renida berkey,key_1382
jakerion fhionnlaidh bhawari,key_1383
larenda donella jnyla,key_1384
céleste sylvette gülşah,key_1385
plácido john-paul leny,key_1386
chandelle strader dejah,key_1387
yeng aafreen minal,key_1388
irakli sakers argusta,key_1389
sikata sytha keason,key_1390
berlind sigfredo tyliyah,key_1391
peregrine tanzil yossy,key_1392
bracyn advik cathlean,key_1393
kaiann nixzaliz jonquez,key_1394
daymi rochford sigrun,key_1395
hermania mcintire astro,key_1396
ashanni talise dedie,key_1397
gibbon dilkes monrad,key_1398
deverick jameira byford,key_1399
apostol caledon phillisha,key_1400
vasili adelynna tarrsus,key_1401
dich zedan zaraah,key_1402
miceala vasudeva arrayah,key_1403
akoowo cordella aydiner,key_1404
sheyly curt pricsilla,key_1405
trevonna tristis felikss,key_1406
shunell feodosij jean,key_1407
gonneke wiener fernandes,key_1408
awwal hertberg santu,key_1409
amie dyna dekorion,key_1410
amy-rose hermann dhilon,key_1411
briseida dreda shavelle,key_1412
caili laqueta whittaker,key_1413
sossio kairit voesung,key_1414
reda allyx shanikka,key_1415
dayris zarria conias,key_1416
muhammad-ayaan ashi ayelt,key_1417
veeraj aksil cole-james,key_1418
jersain zyauna caffrey,key_1419
triinu driton xavius,key_1420
eberhardine gullo bryley,key_1421
jondarius sadonna zaiyanna,key_1422
jaice luitgart althea,key_1423
burcin özgün meggi,key_1424
cotta griff zair,key_1425
friedhilde jacorrion kurtis-paul,key_1426
marvyn ducas hadil,key_1427
sanad brycen tenly,key_1428
mooty anneelise yazir,key_1429
perezleyva carlianne leelen,key_1430
slader rahki ishanjeet,key_1431
miakayla aleina carowyn,key_1432
ethan-james jacklyn siegler,key_1433
nekya oliviero ludie,key_1434
medberry liston balaguer,key_1435
borbon loryn laqwan,key_1436
maor raaniya oğuzcan,key_1437
hovanec marnell faron,key_1438
seanmatthew maaz elia,key_1439
haakon shamarria rahib,key_1440
carven hallbera jordanmarie,key_1441
pryear barham valdemars,key_1442
hosaine teadra godehardt,key_1443
cadha savonna tyquasha,key_1444
yula bailasan anquenette,key_1445
glade sofoklli darreus,key_1446
k-ci sebastião zanovia,key_1447
settima drever koralie,key_1448
jaderious lindzey janariah,key_1449
stricklen delci ketric,key_1450
payslie masatake vershonda,key_1451
shioban guisasola jahlea,key_1452
harmanjot pavlov lefteria,key_1453
przeklas elizabethe dibbie,key_1454
annibale kiyoko camberlynn,key_1455
kordell yanelis shuzo,key_1456
koedy essiemae barbarino,key_1457
clovia jessica-leigh dimy,key_1458
caelinn lynnelle ziedonis,key_1459
salinger janyah elly-mae,key_1460
gabrieli leff jilliann,key_1461
idil aurane darshit,key_1462
zavras jenesse panos,key_1463
prancika khamaria mileno,key_1464
amilien ruppel jarico,key_1465
tenicia keigan jordan-joseph,key_1466
ziniah manahil timme,key_1467
ayusha rubetta casiyah,key_1468
alison tondia mccullen,key_1469
janissa liell shailesh,key_1470
aderinsola susin khamaya,key_1471
bounds terina jainee,key_1472
kung luder dmareon,key_1473
majken tawa jatoria,key_1474
kiernan darlah zenzi,key_1475
angadveer centhia leary,key_1476
amisa housum revelo,key_1477
antjelina latavis shouana,key_1478
allexandra yonca diamantino,key_1479
yohane martin-diaz raina,key_1480
quatashia gedeonson saiqa,key_1481
chimezie manley shamrez,key_1482
kallye sharimar doxia,key_1483
liese mcihelle domonigue,key_1484
vaishali ezavier shazida,key_1485
silina walshaw oliff,key_1486
jarely maeya niblock,key_1487
xirui tzenko natthew,key_1488
imka betsayda leah-rose,key_1489
kugler jazzia sueda,key_1490
jefferies menna biddy,key_1491
kadircan annamaria jorman,key_1492
ghada lavarius frits,key_1493
marinello langeiii macie-ann,key_1494
tajanai árdís ademara,key_1495
gainer kajahli lulubell,key_1496
teriya torilynn koralee,key_1497
elenoa sik bilawal,key_1498
adeboye muhammads anthia,key_1499
spaar darcey matson,key_1500
xamir kerl odriscoll,key_1501
selimir osbourn nageena,key_1502
howlend jrake bictor,key_1503
denasia janicka dillingham,key_1504
chavers mairyn beleta,key_1505
pushank lanzafame marceleen,key_1506
maisie-jade johnscott romāns,key_1507
loubertha sukheeya colden,key_1508
haxhere taleiah spann,key_1509
nedenia belvia alcantera,key_1510
rinesa túlio bridon,key_1511
guillory marlie-may connall-james,key_1512
aysel élia sherwood,key_1513
joshuea lakiya foch,key_1514
shaquor chrissy berkow,key_1515
azareyah adaisha houssam,key_1516
françois fatjona ceasar,key_1517
gradey pohl abigailgrace,key_1518
loretas kanethia shallon,key_1519
chonvandra dartanya diaan,key_1520
afza ilgmārs ferat,key_1521
tomasita mikalynn nirali,key_1522
mellitz deperte jeyli,key_1523
meshea breyanne canudo,key_1524
lynex orsino berman,key_1525
adaha kaylenn rollie,key_1526
amabel catilyn yuuichi,key_1527
herclides suzett amea,key_1528
hagit desarey angelė,key_1529
sigers tavais reichert,key_1530
patrekur barkim cooe,key_1531
friedjörg kendrah nivedh,key_1532
evenezer eleni mechella,key_1533
aseneth pinchus halle-mae,key_1534
araz derak nanki,key_1535
gunnbjørg pafford danta,key_1536
inderpreet eufemiano jorry,key_1537
brockton narayoshi lorin,key_1538
clymer omperkash liāna,key_1539
nehorai jordy robertia,key_1540
nirutma alyxandrea shujaat,key_1541
danyeal persaius nateya,key_1542
coralena gerzon muff,key_1543
laramee dorna liberato,key_1544
louia kawaii madason,key_1545
zacardi adachi aramis,key_1546
januz sofija zyanah,key_1547
muhammed-sami natal gonzague,key_1548
addalee alans koan,key_1549
shonice omo garfinkel,key_1550
nahkita wavalene stanojka,key_1551
zamire kima antoinio,key_1552
batiste tajay marchant,key_1553
talvender gammon mershon,key_1554
asami pollie arryonna,key_1555
polemarchos yanbo ladonnia,key_1556
gisli artura zakeea,key_1557
devraj deco makaleigh,key_1558
madhura oria setara,key_1559
reus albin reppert,key_1560
marcee zylan džemo,key_1561
zailie oliveira kenenna,key_1562
azizuddin sabbo conaugh,key_1563
myrick pavelle erasto,key_1564
jatavia cancio junell,key_1565
dexten violanta riagan,key_1566
kaetlyn elsharnoubi lealah,key_1567
holcombe sisley lashyia,key_1568
michailas trevina kelliana,key_1569
kiyann deshown hermela,key_1570
edguin eradis bianica,key_1571
oberon maevyn daimien,key_1572
bhart hywel treylin,key_1573
lamonique emily-may mithlesh,key_1574
pietsje forestine ineka,key_1575
stanislau carmelia mittel,key_1576
elinóra tatu shelea,key_1577
mehikdip gurley dekoven,key_1578
yakema teneka annaleah,key_1579
roisin darinda enzio,key_1580
selcan grekin fidole,key_1581
millda ochs mohammed-yusuf,key_1582
jerritt kievon anissa,key_1583
isaihas chaly elnor,key_1584
maitund santa-ana bjana,key_1585
halbur lincon rye,key_1586
kinyada dolly-rose durel,key_1587
sahair onstad crishaun,key_1588
garcia-campo cjay jesi,key_1589
stephaun kuwan mialani,key_1590
ihbo journye nausad,key_1591
trinae myshayla vernetha,key_1592
lampart leberta fonville,key_1593
ghianna jesko nosheen,key_1594
steddman muireann niyati,key_1595
dhanvika swartz jamyriah,key_1596
fishbone stephano korii,key_1597
danayia alexzandrea landes,key_1598
ramario briyith przemek,key_1599
nikel teobalda adyanna,key_1600
maik quenton laima,key_1601
satyaprakash reamer aylesworth,key_1602
elesia joash xienna,key_1603
bilgi riyajudhin selveta,key_1604
avinaash alverne beazley,key_1605
roslind caprina donquarius,key_1606
brynt shawnita charmi,key_1607
hazelle joyce laografias,key_1608
rowschan lucielle wilba,key_1609
klockau kolpack karlens,key_1610
didula lakotah katerine,key_1611
hasbi calaysia kaizlyn,key_1612
aarv johncarlos jaipal,key_1613
panfilio omiros dingyang,key_1614
reherman koya kinney,key_1615
corvetta lashond maylen,key_1616
diangela gallentine erminie,key_1617
caitelyn shekela rubbi,key_1618
yesmine chavas gowtham,key_1619
jemely keldrin virlyn,key_1620
makston jesalee sharikka,key_1621
orrick naum vironika,key_1622
jamary aryiel maddage,key_1623
bloxson mukunda tomoyo,key_1624
tashanika fronie kadi-lei,key_1625
christhelm tomoo deamber,key_1626
hussan mychelle loremarie,key_1627
rawan vachill jaleisha,key_1628
mandrill dagbjört vashawn,key_1629
tiffannie medeah fahim,key_1630
galvester rheva macx,key_1631
jasias ryean jallen,key_1632
shantya beyzanur tasnia,key_1633
tundidor ludolf bayleigh,key_1634
keann renu hamida,key_1635
camen estebon marnie,key_1636
gastão riella adaleena,key_1637
shauntrell enamul gato,key_1638
burlisonjr junae verline,key_1639
leventhal chabria taressa,key_1640
izach maydene kurpaska,key_1641
emmon terin mliss,key_1642
jawana dhermendra teofil,key_1643
yvianna sharnea amie-leigh,key_1644
jaesean cannata anelka,key_1645
maisy-grace harper prakesh,key_1646
bobbilynn roya akaila,key_1647
ayooluwakitan venira jeanaya,key_1648
helfriede hitoshi carlen,key_1649
demiyah maliaka talyah,key_1650
escandon bertrum otina,key_1651
sandalia maxx-james durst,key_1652
mitsuye esohe charley-jo,key_1653
evannie shanterri jakolby,key_1654
laneya hays annek,key_1655
kingstun costarakis anthonee,key_1656
prunty rothenberger dareld,key_1657
reagan arizonia vernoica,key_1658
jamarlon leong hiers,key_1659
radeyah mathilda oluwakemi,key_1660
aimantas peytyn oğuzcan,key_1661
traylon cinch warram,key_1662
daquona jarline jamane,key_1663
miyabi abrah keavi,key_1664
destyne tayvonne marshawn,key_1665
tuulevi gilemette cerian,key_1666
ardolino jaquinta streetman,key_1667
paniagua dasani harloe,key_1668
eliany sanborn chanard,key_1669
kellymarie manrica vanduesen,key_1670
jeaninne folabomi lethel,key_1671
avante mogli pronovost,key_1672
driyah yomaris gallie,key_1673
gustau zareh deza,key_1674
dangirdas adrena kaci-mai,key_1675
kress rositta mazzie,key_1676
mcclenny innessa sigurjóna,key_1677
mardena abdur-rafay osejo,key_1678
akeelah sararwati kreedence,key_1679
neimiah einar graveline,key_1680
dazzlyn lyndzi ineva,key_1681
dewel lynnsay mccabe,key_1682
heiney shekeria amarilda,key_1683
kimiko kätlin agatha-alice,key_1684
shanii nayab milly,key_1685
jacoub brose anyrie,key_1686
klaasje erjeta jacque,key_1687
heida awaab mudasir,key_1688
inkeri pak deshion,key_1689
yussra pansie thompsonjr,key_1690
nayard guilbelopez chree,key_1691
sampley khileigh mareke,key_1692
adrena caymen valora,key_1693
ariday camelle keyshawn,key_1694
tiphaine frasina macho,key_1695
manoharan pullens turiya,key_1696
chebia genara yashwant,key_1697
klah potchen ethin,key_1698
aadhira faron jaziah,key_1699
arulampalam mishoe maletta,key_1700
aybree zamirha tashiana,key_1701
yoshani domitilla beckles,key_1702
shue sigurhanna symir,key_1703
davio cyndia meyenberg,key_1704
emare joell cristelle,key_1705
chanell mckaden kanylah,key_1706
húni mekiyah alfiere,key_1707
cemaliye ming rudloph,key_1708
missie tressie rozie,key_1709
keara-leigh shajuanna anneruth,key_1710
porto shanette khmya,key_1711
geneieve kamecia camely,key_1712
elozar joseildo leighton-lee,key_1713
pedresa-romero michala roniesha,key_1714
elex xhevahire lockser,key_1715
lull stafani kolodgie,key_1716
ferrero cavett ineslta,key_1717
jab cornélie maytal,key_1718
ires nolee letriana,key_1719
coxjr myesia silvestras,key_1720
gustaw allesse antanay,key_1721
duan hanleigh penalong,key_1722
kindel vigen ahrianna,key_1723
nathias kazė lamisa,key_1724
lanvy soledade palmieri,key_1725
khance haafila enver,key_1726
cristieana wey hernando,key_1727
esie ayden-alexander macaela,key_1728
danajah deontea klazina,key_1729
arlind yeng ilarrold,key_1730
lakedrick robynn moringiello,key_1731
ardythe favianus houssein,key_1732
schaun newby annelys,key_1733
chirata thedo mariliva,key_1734
codie-james plott vedarth,key_1735
shamela moreno-guerrero manada,key_1736
grewitz tasheem ivonna,key_1737
hewe kamron danny-lee,key_1738
samu chiburuikem eizan,key_1739
godred kenyen alimah,key_1740
cobra tineshia alorah,key_1741
darl samere monnie,key_1742
barbery dysen suhaib,key_1743
porter-flemming manigat sletten,key_1744
prinkey kadijatou absalom,key_1745
shiteel noorjahan bohm,key_1746
daelin berdi genka,key_1747
kingly sohana kobi,key_1748
mariyanka fadima quincella,key_1749
merih ronaya tragen,key_1750
lava seqouia aylee,key_1751
trier dudderar macaden,key_1752
megharam letizia breannah,key_1753
iulieana demoni khatuna,key_1754
mickelson shawen kullervo,key_1755
youssi oktavia ahniyla,key_1756
aifric maksymilan gurakshay,key_1757
dartanya iyaaz anatola,key_1758
janathan oryan rienna,key_1759
alnora deprince skaistė,key_1760
jeylon shelbert salathiel,key_1761
ambrin jaterious artie,key_1762
tniyah dillard cedrik,key_1763
nawaz latascha clemente,key_1764
brunetta rhuridh cristos,key_1765
cadeidra dhrambir zavien,key_1766
wonnie moksha whilma,key_1767
dymple cerstin darnzell,key_1768
feli cahlia shoemake,key_1769
studner alaijha cohbath,key_1770
ortanza ramal moxey,key_1771
saihajleen omparkash oulton,key_1772
taysom tamaar havasxon,key_1773
shameca mercado-comacho khole,key_1774
misaye jhonattan cybele,key_1775
gleeson iyaas bushweller,key_1776
ulmer tynisia shikera,key_1777
dezerae khalina adacia,key_1778
leilynd lanaya marylan,key_1779
beato quetzalli jhoti,key_1780
arkita guneet driggs,key_1781
toler janeida kazmira,key_1782
luzenia marquella hinnerk,key_1783
letticia kobi-ben michie,key_1784
morasco terrena david-kevan,key_1785
mason-ross eal laskody,key_1786
judyne brynley mártón,key_1787
rovilla boshell avilla,key_1788
muffy baity jerrion,key_1789
morihiro lezer shelia,key_1790
cala dobra juwahn,key_1791
pradyun monterius nazmina,key_1792
jayma tajmaha ayberk,key_1793
aadhi trifan vlatka,key_1794
moat kamaurie ervisa,key_1795
shantinique flordia judieth,key_1796
ishanjeet keranka gram,key_1797
fieke lareisha devunte,key_1798
clemont larianna jaoni,key_1799
marche duntson tijera,key_1800
suhrit zantavious leri,key_1801
chazten tyelise cekaj,key_1802
ziyun murdo-angus dames,key_1803
willin uilleam ved,key_1804
stoitcho qassem afelien,key_1805
kaylub talea latronya,key_1806
alphus badiu timotheo,key_1807
okeith freidenberger zubaydah,key_1808
vaishanvi briitta latrista,key_1809
breandan telor merson,key_1810
gregorie emnet deian,key_1811
caidyn mabilia shillae,key_1812
navonte keaundria jefren,key_1813
isidor kalieb kamry,key_1814
asmitha caras jaddo,key_1815
donatien hedrick-hopper kardama,key_1816
sharida santigo dimitrious,key_1817
azisa wren stewie,key_1818
svjatoslav karmanjit rimshah,key_1819
daveen martinovics lenai,key_1820
upchurch skylur sitarski,key_1821
zaheed exzavior berduo-diaz,key_1822
adelayda ketel anup,key_1823
lucilia samil franceska,key_1824
marisely felizia turi,key_1825
rikard seemonsh mackintosh,key_1826
koty akyia tary,key_1827
dayzha keti rudd,key_1828
edurdo jaizen toribio,key_1829
atiye keiwarren joanthan,key_1830
syvanna mosora paltin,key_1831
learlean shelie sarn,key_1832
zetha juber kanette,key_1833
bristy cerrie xiomy,key_1834
alohi tiemo sakuntala,key_1835
tamiah lorber goldring,key_1836
esneyder itzelt madalie,key_1837
alleigh cäzilie sismai,key_1838
jarelis urial javarni,key_1839
rojmen chesser greysen,key_1840
yarvis farrie birger,key_1841
fitnat rudeen lizzi,key_1842
tonnica oziah lillyrose,key_1843
cheronda antoņina shug,key_1844
iahn wirt jaydan,key_1845
issak margaretta malyah,key_1846
yama travonna jeanchristophe,key_1847
saejin eriyon vidol,key_1848
layten marcílio novalise,key_1849
cyntoria garet etto,key_1850
seraph radley annie-rose,key_1851
rimgaudas laphonso sarmad,key_1852
akuila runyararo henryk,key_1853
wybrand hierrezuelo-zamora gervásio,key_1854
branesky thia ramdulari,key_1855
richie wease ella-grace,key_1856
corette cousins rheana,key_1857
beresford jerrious semidey,key_1858
grith oloruntoba sheriee,key_1859
margurete jeko bjarke,key_1860
lumnie sallah riverrose,key_1861
quinna middleton maricus,key_1862
mariangeliz worthie sireli,key_1863
arandeep dazie barbabas,key_1864
luada amiyr mareta,key_1865
zymire fetterly kiliyah,key_1866
malkeet liselle atiq,key_1867
ladonnia taiasha subka,key_1868
sanath seys olta,key_1869
fairfax emilie issacc,key_1870
avetik rashonna lugar,key_1871
darlyne lilland graziela,key_1872
melehat soraida rasheem,key_1873
jakkele nickelle mürsel,key_1874
hirst castleberry birke,key_1875
nimsy montonio justyse,key_1876
ralena lucyann langlais,key_1877
harjap govert claristine,key_1878
virginie arranjeet irah,key_1879
rikku lango tefica,key_1880
brancaccio hildia luca-jay,key_1881
azeema marlenn neava,key_1882
peacock colline sanijah,key_1883
callie-may raj-pal bowland,key_1884
daminik laiyba shalu,key_1885
erlsten duayne fauziah,key_1886
ilhama bethena dames,key_1887
kohin suvali denham,key_1888
talaysha paili kareana,key_1889
herenandez safura ammaarah,key_1890
annalies otho arhaam,key_1891
elizabethmarie santaella yuusuke,key_1892
nycholas bella-rae andrew-junior,key_1893
sabatio nerrissa amoria,key_1894
shawndrea botelho hoppe,key_1895
yavette lynox binak,key_1896
rennis cogswell exdol,key_1897
nis amdrea bona,key_1898
paulsen robertt elease,key_1899
jazmynn rosaida mensch,key_1900
fonzie sigurberg umar,key_1901
mendell eduardoluis yonit,key_1902
linzie noellie dharmraj,key_1903
courtne larayna salvador-cruz,key_1904
siegfriede bober radolija,key_1905
ciclali shundell söntke,key_1906
abdualeem ashunti pyo,key_1907
tione noella creed,key_1908
vonnetta črtomir lucas-james,key_1909
manaila fishburne bazyli,key_1910
dalleas azarae thandie,key_1911
evor daral myra,key_1912
keekee lahni marli,key_1913
mertis taunja crixus,key_1914
navya jemie crystalmarie,key_1915
staley adeja mandie,key_1916
anna-sophia devilla batiste,key_1917
chimzuru omir anjanet,key_1918
salgado graciemay rayhana,key_1919
gluck lotz debhora,key_1920
onald djellza merville,key_1921
landrick alyssandra karishma,key_1922
oktavía takyia magbule,key_1923
saaba krino ketura,key_1924
soriah eladio stargell,key_1925
marretta insiyah ava-mai,key_1926
carol-anne bernát sabaudin,key_1927
brents katierra erek,key_1928
maysen ava-jo singband,key_1929
mitsy cobos amariya,key_1930
elliw julianne jarron,key_1931
parbel coriene giric,key_1932
hernandezjr redway klayman,key_1933
rayea kahlaya umran,key_1934
jacquelynn almamy dajane,key_1935
zorion deidree abreia,key_1936
marrij kinverli versilia,key_1937
adachi jagger quintavious,key_1938
nitza suzane murran,key_1939
trevun aaditiya dull,key_1940
rombout avedis anthippi,key_1941
ayres kayla-rae opie,key_1942
oluwabukola yanelie uniyah,key_1943
hildo ashya conayr,key_1944
akaneden justilia gudbjørg,key_1945
aryaz emilija shandrell,key_1946
broddrick estephan zeanna,key_1947
butcher gotje xaine,key_1948
lamark genele gearald,key_1949
edis jyshawn crisslyn,key_1950
christophor larz khayden,key_1951
taisi shankia darka,key_1952
sheryar clermont nykhia,key_1953
shantiana londynne ravae,key_1954
jereck anikah jayvier,key_1955
pastelki jiyah chelseaanne,key_1956
ysabell pernini sinela,key_1957
deldon logahn jarka,key_1958
nezaket doval ahmaj,key_1959
giacomino aalayjah camoren,key_1960
deboard camrie raiven,key_1961
rhyanna kemarley wolfric,key_1962
aliesha zereon jhamari,key_1963
kiwon sighvatur phallon,key_1964
lailanni dirch kamini,key_1965
melker thaliya ifeanyichukwu,key_1966
nubaid flinn kriztian,key_1967
marypaz melisa aadish,key_1968
shakena manul tydaisha,key_1969
melita dhani ascanio,key_1970
ornella mitthun guxim,key_1971
kanye bubb kemonie,key_1972
dias vaclava caren,key_1973
georgs kesten yonca,key_1974
arius foret jullieta,key_1975
modelle cialan joshus,key_1976
akikaze alleyah edrea,key_1977
lequisha lakeita pancoast,key_1978
giovannii tasheanna hardine,key_1979
adaleen thaiba robelochavez,key_1980
stockman siara josalien,key_1981
grantas shong taira,key_1982
lelyn jqwon papageno,key_1983
hirondina garvveer jumeirah,key_1984
kamri panagiotes avit,key_1985
trystal efran scull,key_1986
tayunomi ladasha namarta,key_1987
latima toluwalashe nekeidra,key_1988
gari lemond granstrand,key_1989
sonata schterijana ivelina,key_1990
eildhi kenyetta shamario,key_1991
ojasvi athlyn kavana,key_1992
chidiogoo limbert aquilino,key_1993
myalee rhiann xiao,key_1994
hamidah dezya milsm,key_1995
aaniya cenedra fjoralba,key_1996
fleischer plusser jisell,key_1997
vent anntawanna jaquincy,key_1998
blannie ollene sutten,key_1999
sheletha stratos makenzey,key_2000
zayion prabhjeet pruchno,key_2001
kohrs krystina ilgars,key_2002
bucherie isaque casker,key_2003
sabel treighton yazaira,key_2004
darcii jahlia bernhardus,key_2005
umm-e-hani adrine cataleta,key_2006
mayaar ejay niel,key_2007
johannessen dragna dreena,key_2008
lakila haema daysun,key_2009
bethany-jayne jaylond darlicia,key_2010
nikitha landin-barroso cuong,key_2011
marelene jesusalberto vratislava,key_2012
lucianne dylian dainius,key_2013
cardinale dobilas damica,key_2014
zeneida kabron rheyanna,key_2015
dolcie sejal furlani,key_2016
jonahn hakes adrio,key_2017
al-houssen meliodas radric,key_2018
errold nakenzie citori,key_2019
gernod neetu nari,key_2020
joleth irshaad auzhane,key_2021
qazi devera darshanna,key_2022
jonethen cortez gianfrancesco,key_2023
cribb nosay aylia,key_2024
salomeea roshard mavryk,key_2025
luxandra lewie zaki,key_2026
cashius nyemia calasia,key_2027
lübbine ramsurat leileen,key_2028
okwu erlene mazey,key_2029
sofko tulia fritzie,key_2030
nayami güliz realyn,key_2031
josyane berrett aronow,key_2032
macie-lou olnick eugen,key_2033
gertis nielle deboard,key_2034
madeline caymon kamaliyah,key_2035
blumejr dasja ayzia,key_2036
kaiven pedromiguel aylanni,key_2037
jaleeza arriel jonme,key_2038
shirleyann hadice aldrich,key_2039
jenie keirah sameya,key_2040
kodah coulliette kionia,key_2041
eyen tenneal mernie,key_2042
gyrite jafrin betson,key_2043
dalia rukaiya sheily,key_2044
dochina thamim kim,key_2045
justus huot florela,key_2046
jamei kevern bouke,key_2047
hoffmann kambrina brittony,key_2048
reza willibert avyion,key_2049
beyonka bardhyle brenlynn,key_2050
astra jakauri joshualee,key_2051
eugenia santario felisita,key_2052
tessalynn gianluigi hansl,key_2053
akihiro jensy idrena,key_2054
naftoli karenda dubey,key_2055
ami-lea didion chrsitopher,key_2056
maximous amerigo arieyanna,key_2057
ernal heena charbonnier,key_2058
darlenne hoehne matvey,key_2059
jamahd yoandra eleanor-mae,key_2060
maitri kohlby michaelis,key_2061
sirias nidal brayston,key_2062
layla-marie kaleese keillin,key_2063
guberman yomo digbie,key_2064
feruza lashoh wendal,key_2065
barbra pjetur dippold,key_2066
sheryle riancho aneeqah,key_2067
tayveion leonide blaize,key_2068
rahmone bilbo shellane,key_2069
andréa lashann ishkhan,key_2070
gürhan fabiene buffum,key_2071
basset fady zanquisha,key_2072
daston denrow itsik,key_2073
alexiana shriya alyk,key_2074
eans prasad iridessa,key_2075
aliaskar kneema marineta,key_2076
jnaiya edessa viliamu,key_2077
muiris junichi melonia,key_2078
gríma gerburg syir,key_2079
imoni latosca morales-morales,key_2080
shametrice vikis shlok,key_2081
seslie denessa makeen,key_2082
lytarra geretha alasha,key_2083
reint nish shellaine,key_2084
raenae jocilynn briyith,key_2085
jodyann dannielle toshiharu,key_2086
breau nadha orwhin,key_2087
ponzio shiven jatniel,key_2088
džemka anselma dundre,key_2089
mariandi lozka thehan,key_2090
juelz zellia regniald,key_2091
lumiere nikolett jeswin,key_2092
diljit deauntae talvikki,key_2093
alyca hillman youssef,key_2094
antoonjr samayam salvi,key_2095
jalea dugent skylon,key_2096
arnesto jaelen chancey,key_2097
marcu anterrius breelynn,key_2098
anes jayliah jmar,key_2099
jashawna bricyn migelangel,key_2100
countryman tumininu anuj,key_2101
riken pavo shamere,key_2102
kieriana penilla duhon,key_2103
kierian scarbro lissner,key_2104
chivas selleck jalani,key_2105
shamesha aril lanfri,key_2106
mueez pushkar marlene,key_2107
latanya myliegh ywa,key_2108
cosby jaresha charley-mae,key_2109
klay shawyn niketh,key_2110
miley-grace nelta cochise,key_2111
jirka grinnon cellie,key_2112
ryson brinegar donella,key_2113
azenet hallgerður carrolle,key_2114
karise giner cressida,key_2115
kassondra marleine sparrow,key_2116
laib darley plasencia,key_2117
arulampalam minnielee estacia,key_2118
daciana inês gildardo,key_2119
pinholster deedgra israa,key_2120
mamoun ranen tattan,key_2121
omauri गोतम jordan-leigh,key_2122
ehlana kakisha ezerski,key_2123
shalyric tychelle sadirah,key_2124
pooja/varsha chet sifa,key_2125
jashana shanitta maldonado-morales,key_2126
tekoah menah armittie,key_2127
zheljazka areyah rathnait,key_2128
sheikha kotryna saleme,key_2129
nahdean louvine hazal,key_2130
kaiyue nelvie abdulmoamen,key_2131
amey alexaundra shawndria,key_2132
wordie jaban felissia,key_2133
kealee youen bornhoft,key_2134
costante sidalee precilia,key_2135
cotman eldwun hockett,key_2136
riyaan donyelle misu,key_2137
crescencian guðfinnur sabeen,key_2138
elinka jaterius sebella,key_2139
sonje nathinel shahzeb,key_2140
shuri pudens giddeon,key_2141
jakhiya siegward agnetha,key_2142
fajr zehra rader,key_2143
cairistiona gualdim rochelien,key_2144
hjalmar helix sumairaa,key_2145
maristella yaslen markell,key_2146
kindig johnscott jamise,key_2147
astria tearza clearwater,key_2148
dura renis jericho,key_2149
nomme dorathy achim,key_2150
tarr toffic bronaich,key_2151
kurtina aniha marrius,key_2152
afrah katheryn seriniti,key_2153
rickeya fraga mursaleen,key_2154
edisha schrita hilge,key_2155
mariaximena akien desolina,key_2156
mareyah clivia johnlucas,key_2157
morrie zamoni zeynel,key_2158
ronda tyane evelyne,key_2159
richy onder yma,key_2160
gamaliel sephanie anemone,key_2161
aaloni najifa nunzia,key_2162
sukheeya kovil lisvette,key_2163
birgitte livvia carrow,key_2164
amarien huratio tahura,key_2165
nabihah cherry-rose yecies,key_2166
arba laoch alain,key_2167
keishanna smithiii jolando,key_2168
shahena jayven kishia,key_2169
conye alizee brackeen,key_2170
bhavya klyda giavonni,key_2171
arman damu goldbach,key_2172
rozetta loreli malone,key_2173
faith-serenity deariah draco,key_2174
rosselyn jalena tykirah,key_2175
plotnick tyius shemaine,key_2176
wallace leandrea leise,key_2177
jeson polad chloe-paige,key_2178
eolanda jo-anne dhane,key_2179
hertberg dagur shawntelle,key_2180
yoad tuncay julious,key_2181
merin hasana brimley,key_2182
blendi serafino raysa,key_2183
brotherton chou yeiren,key_2184
morganjr kelaine pearlie,key_2185
züsi cherylann nerutė,key_2186
shunya dopico wilscam,key_2187
samarea rhyan destanie,key_2188
mayada tkara nikira,key_2189
kapiolani barringer nycere,key_2190
jhaki daeqwon sein,key_2191
tayloranne nicholson khareem,key_2192
khulud makalee brenner,key_2193
collbaith saher peyten,key_2194
amandus melissie edlir,key_2195
ondich felizarda joise,key_2196
waldrup crume goza,key_2197
constanza kaytlynn jasly,key_2198
ehrman rushit yerkovich,key_2199
bernessia bernuth jur,key_2200
wolsky kelsyn völundur,key_2201
janyiah aren admira,key_2202
ligia alarna akims,key_2203
debooah delore chilcote,key_2204
shydae elee khaleal,key_2205
gatrell ástbjörn remmie,key_2206
lakitia terriel lükko,key_2207
chioma jason-lee giron-roberts,key_2208
oatman jimmia jihaad,key_2209
rafeh milayah jameer,key_2210
miekai sanchez-andujar willbert,key_2211
agerton zacaria chhanda,key_2212
shamille kabri sharan,key_2213
aneida aaliyha dionigi,key_2214
gerdje kaizlyn jerneshia,key_2215
paulen mirina reheem,key_2216
thersia bravlio chad-xander,key_2217
catrine waldean shyla,key_2218
arrabelle eunique shaune,key_2219
christopher-junior maritza ahrayah,key_2220
bartmann seher riya,key_2221
maceson lutero joete,key_2222
sholanda jyniah gülten,key_2223
nixiii abieyuwa mussab,key_2224
jaterrian lingel musselman,key_2225
levison annelien kholie,key_2226
nazeera sabastien abi-taylor,key_2227
prevesk maxmillion naail,key_2228
arjan aamira barta,key_2229
aisah sharde hurchel,key_2230
tahron sachi kalu,key_2231
marseille nishaat farron,key_2232
dustie iba mcgonigle,key_2233
nere fain declan-junior,key_2234
stavroula keona mccai,key_2235
angeleana reedy mcglory,key_2236
kerryanne tsianna frosty,key_2237
khateeb holdren makel,key_2238
tyrika davonne anna-,key_2239
paffrath adamjames rhamy,key_2240
traylen muktar tilica,key_2241
cailan muiris tayla-jade,key_2242
rahela camina stevphen,key_2243
emirhan jeljo letta,key_2244
shanthi earin laniyha,key_2245
dorlisa robbyn selars,key_2246
corneille sanora basílio,key_2247
yasushi connye shajid,key_2248
leveon amana kuat,key_2249
leart zehorit kaytlin,key_2250
jennaliz barby loleatha,key_2251
eigild eliose praharsh,key_2252
cheyenna bubbles jerine,key_2253
cleotis monissa fabiha,key_2254
devota jamarqus colwart,key_2255
jarett vyolette maurquise,key_2256
jenave mattie whitli,key_2257
garrett terrolyn davario,key_2258
shahzadi irmantas guillen-gonzalez,key_2259
chakita hamim julayne,key_2260
claristine marietje ginasharine,key_2261
mudge karstein bauwine,key_2262
cleatrice melcher stani,key_2263
marquesa yegor faigy,key_2264
blackowski khatijah efigénia,key_2265
nahshon abhir khalifa,key_2266
rashaundra hasangokhan sandr,key_2267
amadis devon earsell,key_2268
tortosa michela alizay,key_2269
sirrah flemke doritha,key_2270
alleah audiel emmilou,key_2271
aleshanee elishama kalli,key_2272
trissie ogooluwa thill,key_2273
sadeer temenuschka rait,key_2274
jordache kershaw leshanta,key_2275
millman bridewell raulie,key_2276
zaryia ioachim isara,key_2277
herchell muhammad-hassan williamsen,key_2278
fornta mabeth sedgewinn,key_2279
doi danjean betsab,key_2280
riddick kaylaann andrii,key_2281
clary demarus raphiel,key_2282
tahere baryram cidera,key_2283
hayword yashal kenneth-hugh,key_2284
jordania lateria keyria,key_2285
irasema trustyn mercides,key_2286
cecere daemian dottery,key_2287
hairo jathon saffold,key_2288
gerarda billitteri synclair,key_2289
yaalini skippy cissiee,key_2290
kayvien lavonda malidienne,key_2291
witherspoon jumanne vilinda,key_2292
keymara desai hoard,key_2293
jaryiah damaire keba,key_2294
swayzi fante haritonas,key_2295
eleanor-mae kahea sruthy,key_2296
rolon shanyn hirotada,key_2297
sutley shiloah santhirasegaran,key_2298
kristey seza theofil,key_2299
likisha haylee samra,key_2300
benjamine eleesha shohista,key_2301
bobette lathomas twanna,key_2302
bezarez tabar nachita,key_2303
nekayla kully hanif,key_2304
jacquita khare ruba,key_2305
jeanchristophe maravene colebrook,key_2306
sopheak macie-rae silvio,key_2307
richela winget reinulf,key_2308
belle-isle domiziana waigand,key_2309
alisé glidewell arjae,key_2310
ráhel tawhid adeana,key_2311
drapeau dupre deckard,key_2312
chappy manac shyniece,key_2313
lajasmine best narin,key_2314
zandel nyeasia kaynaat,key_2315
liamjames norush quinones-blanco,key_2316
duchess suhey olutobi,key_2317
brazeal majesti hillsman,key_2318
dosta laice najim,key_2319
sameko lesie mousam,key_2320
idoux gitta chelbie,key_2321
ramkhelawan godbolt boulton,key_2322
orine oluwafifehanmi molpusjr,key_2323
jaylana kaliska levearn,key_2324
luva bradeord wyvette,key_2325
larrica irin hirra,key_2326
qualan shema halimat,key_2327
airliah mariaisabel kaseea,key_2328
giacoma datari gerlof,key_2329
rouldph leelynd batey,key_2330
ashlae narissa violeta,key_2331
cull julion daun,key_2332
helky raiqa matraca,key_2333
pranshu dimitra hashley,key_2334
bedia maïly jebb,key_2335
deontai autie ivyona,key_2336
lumnije arii leahm,key_2337
abyade nethra laswell,key_2338
radoman gotelind kallissa,key_2339
cornetta braya lycrecia,key_2340
liggins dre erjol,key_2341
nogosek zeeya leonhardt,key_2342
kassandra vernicia rileyn,key_2343
cherys joakin vernes,key_2344
duchess jamie-scott dejanea,key_2345
zélia sahntanu dietke,key_2346
fraser-jerrett michai maurianna,key_2347
santiago-medina elcie ollyver,key_2348
tiauna mccarrell desirea,key_2349
frants kenzia fridlet,key_2350
shaquinda hux nihalchand,key_2351
schrack cucuta deaisha,key_2352
breyan ernel musette,key_2353
sahily ifat myrlin,key_2354
dazjah rosealina tinaret,key_2355
aeyden christner tonay,key_2356
muhsin adelo onntje,key_2357
amedio marmion damijonas,key_2358
wynda golter zamirha,key_2359
angelinne tillie-may efsevia,key_2360
voyle verlin martha,key_2361
mamun matvejs lauzon,key_2362
deanah emeraude mostafa,key_2363
veranika behling voyles,key_2364
lamis shallan landri,key_2365
woodssr carollyn chabot,key_2366
ocey carlyjane deboroh,key_2367
raluchi reniece jamson,key_2368
ibraheim jefimijus tihani,key_2369
irtaza albertico renad,key_2370
lagrande resat harlequinn,key_2371
makal malamut desalvo,key_2372
olgeir daoud phera,key_2373
sudhama tieneke seref,key_2374
calieb gearald sanjuanita,key_2375
barello khiya paignton,key_2376
tameena stanekio tyniya,key_2377
terrius apinya miceal,key_2378
parmis marisa dhrampla,key_2379
galang bunche farad,key_2380
kurtlyn margitte liliyanna,key_2381
waldy brock vinciane,key_2382
hiran gültekin srihitha,key_2383
boelter shadeja krystyl,key_2384
jancsi ráhel raewyn,key_2385
harvetta amika koralee,key_2386
sydalee agueda nyjal,key_2387
nere katrea shanquell,key_2388
utsav zshakira julin,key_2389
gonda burrak nieko,key_2390
jozie lizzete sampreet,key_2391
stephanos daryiah gritje,key_2392
alfie-craig jeyli qudsiyah,key_2393
capasso myeisha grabriel,key_2394
maryeileen jeanmichel ahlaya,key_2395
terriek teirney agamjot,key_2396
frederikson tahitoa hysell,key_2397
jamileh borras jiong,key_2398
arand orace quantrel,key_2399
edilia tadan pompilia,key_2400
mahfuzah lemisha abbigaile,key_2401
josjeph kristinia moynihan,key_2402
columbano omparkash chaima,key_2403
fiama ahsanul zakylah,key_2404
annelene jennylynn matthiew,key_2405
raahima kemp farynn,key_2406
paran sntosh ekpen,key_2407
earlin ronnelle herper,key_2408
dharmbir matilynn farayiolaoluwa,key_2409
patra chizitelu jaagup,key_2410
blus girtman tound,key_2411
pascoe eloísa godwinii,key_2412
rhudi darrell kunkel,key_2413
alhard marlous alexee,key_2414
olutosin banebrudge lagano,key_2415
savanh theophilos lyubomir,key_2416
raffiel sadhbh riese,key_2417
tekiyah pär khrysta,key_2418
mirva jordanalexander chanequa,key_2419
wynelle ileah alessandro,key_2420
sabeeqa anndee creggan,key_2421
caterino aroyal tacorey,key_2422
murhyn tomohiko sibi,key_2423
aamar daveen jicela,key_2424
keauri maureece eastep,key_2425
schaub takumi geralynn,key_2426
asadullah sahian parashkev,key_2427
bubber damilja tareva,key_2428
armelle sambhav zlatin,key_2429
lilyanne jadamarie dominio,key_2430
kaleem jajuana karrine,key_2431
annikka srivaishnavi abixah,key_2432
kaseyann ohmer umaymah,key_2433
shaneque fela yessia,key_2434
jica garyfalia bartley,key_2435
germinia devlen diantha,key_2436
davious zacheus qiarah,key_2437
maitund lluka brígida,key_2438
jasminder yaniv denizcan,key_2439
rauri anam laurentine,key_2440
halldís maud ludvig,key_2441
marrina zantavious previslav,key_2442
trull kolo dreighton,key_2443
kadie friðgerður frímann,key_2444
interlandi sayeh yeilani,key_2445
nebula nickulis jürino,key_2446
akey kaiylee foppe,key_2447
meletius freia ganpat,key_2448
klowi giobbe johnatan,key_2449
rosilynn edi abdoulaye,key_2450
penna sashendra krystol,key_2451
tomar jarica zettie,key_2452
mattheiss tinlee braiden-scott,key_2453
el-ameen faughn yulander,key_2454
javanni drishya constancia,key_2455
aled leaha kamoria,key_2456
prem rudyard upinder,key_2457
yujia kaliyha nathanyl,key_2458
bradyen jensiel donato,key_2459
kory-leigh eigild akhari,key_2460
devlynd cristoffer hoswell,key_2461
hillevi essance jonati,key_2462
marsadie dawnica childs,key_2463
faris jazib collins,key_2464
ülviye lanaiyah amand,key_2465
maj tinslee michaelynn,key_2466
aryia miriyam taishawn,key_2467
gaye marisel wedurn,key_2468
emery cearah drian,key_2469
jindřich yukti elli,key_2470
brundidge zarria tonnya,key_2471
kagan emalie mossman,key_2472
levane tatrina mulaye,key_2473
rozzlyn savelina eluned,key_2474
amy-jayne herto geiger,key_2475
leandria roka zenoba,key_2476
yudit calisha izea,key_2477
weylin bazan nichola,key_2478
jazmine takehiko mccuin,key_2479
jhonie ceredig lisabeta,key_2480
jvier aatiqa teola,key_2481
culberson addolorata jrayden,key_2482
athiste kasima shakee,key_2483
anya-louise jessica-lee malkin,key_2484
weiland floresreyes etem,key_2485
princewill ulise lashan,key_2486
blerton emie germana,key_2487
lea-anna dantley harmine,key_2488
ezzelina ildo nakieya,key_2489
veradia jameris ceres,key_2490
keiandra celarian tanara,key_2491
juelz angelar brun,key_2492
vittoriano wendolee ambee,key_2493
nyemah yllka khenan,key_2494
kalo chantaya emdadul,key_2495
trenee jahnyla jadeen,key_2496
keira-louise aasiya deco,key_2497
nanko collyer antesha,key_2498
lolah barstow igors,key_2499
kennady peterus fela,key_2500
jaqueze tiniya sarah-may,key_2501
senia sanjeevan kadenze,key_2502
osane harli-jak batsheva,key_2503
mossie shritha piranavan,key_2504
talisker-brett ticia talley,key_2505
moniesha dallana eneo,key_2506
akshayaa liam-alexander leveaux,key_2507
folds schargel deruise,key_2508
kassia musiq eulina,key_2509
dolcie-rae keyoka junji,key_2510
malaysa belizaire kristíana,key_2511
laquentin dierk philicity,key_2512
cleota razzaq traciann,key_2513
endesha insprucker maylie,key_2514
vayle tyr geordy,key_2515
tatiauna nalis demétria,key_2516
stallings zeynah adelaine,key_2517
shaiquan kapria amiaya,key_2518
saroeun quartterio brunhildis,key_2519
josta tyrus camey,key_2520
jeveah elijah-musa delavallade,key_2521
khamari antkea bartt,key_2522
pati aderito zehrudin,key_2523
dibrin emosi angelian,key_2524
kelinda ketrick cameika,key_2525
atiim tanger lahrizi,key_2526
markeya cynara kamea,key_2527
hanshika eniyah atchley,key_2528
lamona priynka ruby-rose,key_2529
nihitha kalianne loreene,key_2530
rowney iorgos midgett,key_2531
constance jumaima muhammad-aadam,key_2532
shibu sukshana sabriya,key_2533
hadly emmabella taisa,key_2534
rodmun sunee rubik,key_2535
jessicaanne hola pradyun,key_2536
lourene rannon alphonce,key_2537
zowie sajni asdrbal,key_2538
scarlotte slyvester geiss,key_2539
jozelle namit tremar,key_2540
persin vroukje careron,key_2541
gaenor barbarann tjard,key_2542
velton manjola sylvesta,key_2543
charvez wakinyan myelle,key_2544
cordarell chukwumela raghib,key_2545
afia taydem yumiko,key_2546
jaquelle boruch shanae,key_2547
peirce lish roxii,key_2548
vergean reggins karinah,key_2549
merideth kuenn arezo,key_2550
cantujr auryanna jae,key_2551
cesario miķelis aundria,key_2552
katline aurelius karilee,key_2553
khimora benan baher,key_2554
tezcan quinterius mikeia,key_2555
hamo ase ava-lei,key_2556
marcus-john goff aalderich,key_2557
şiir mayalen regginald,key_2558
annalia elven kliment,key_2559
leylind maali reyah,key_2560
hilly edroi payvin,key_2561
urazaly dayzi sharion,key_2562
strawhacker arroyo-munoz alican,key_2563
jianna travionne reannah,key_2564
kemisha kasius kunihiro,key_2565
dzaria meabh roric,key_2566
arieya ayriel breyer,key_2567
marq sólon swendy,key_2568
brice horatius aricela,key_2569
cleanthis hagop theoda,key_2570
ilmar todd cellina,key_2571
exar aaisha luria,key_2572
dereion toneshia quiona,key_2573
casonja bárbara assante,key_2574
basimah jazamine jacian,key_2575
daleyza tammila oberheim,key_2576
noem abgail tmarion,key_2577
dannielynn jenci galena,key_2578
murnahan sigretto tsjerk,key_2579
vanessia akaiya milaniya,key_2580
lekesia keirstin joelyn,key_2581
blakesley ilithyia artrina,key_2582
myangel habeel norie,key_2583
geonte daral rozle,key_2584
janeyah hayrullah bodison,key_2585
mancero guiseppi laquanna,key_2586
larsyn palcu eathel,key_2587
vanaja amaleigh denooyer,key_2588
pragathi sanaullah ved,key_2589
sedef kinzer rubby,key_2590
lanaea cadence aubrei,key_2591
deauntae kacey-marie mayce,key_2592
morla-torrez tna jaywon,key_2593
jonus meini schulhoff,key_2594
imelida aarabhi nyauna,key_2595
rocher khaqan líf,key_2596
capems haliyah venica,key_2597
yanise jazell fussnecker,key_2598
brajon aita boulton,key_2599
chelcia labbayka boxleye,key_2600
diaz-burgos saranna lachic,key_2601
schoenberger tahjai gracilynn,key_2602
karesha ronnisha sivine,key_2603
betsy-bo phylisa ikeni,key_2604
bernardette trinea ochoa,key_2605
elerte fajardo abbate,key_2606
ferrie aikens delauren,key_2607
finklea florent jurriaan,key_2608
garrens sveinn toshikazu,key_2609
zhanat laquieta maxxwel,key_2610
yaitza cormak oxable,key_2611
oghenerute roosje remmy,key_2612
meshel chrysanthia cristian,key_2613
kayden-scott lavli annalese,key_2614
ryanjoseph levolia chrystopher,key_2615
macarena sinje kavontae,key_2616
murillo-arguet maeven akesha,key_2617
josiaah backer masahiro,key_2618
debhora gunde tawasha,key_2619
necaattin puma laycee-mae,key_2620
gweneviere golena finken,key_2621
ahmeir anatolie lucymae,key_2622
bunns jelle lueller,key_2623
keiki adoram celecia,key_2624
clara-anne gustena leniyah,key_2625
shennai leronda nellya,key_2626
jeries khaniya josya,key_2627
haelee torgom talee,key_2628
jordan-lee rubbi schum,key_2629
shimaya kaydance westeen,key_2630
mkiyah depreist brayla,key_2631
dansa vertie seeley,key_2632
zamfira lozada zyrell,key_2633
ladwig andy munniks,key_2634
keishawn alexsandria xiang,key_2635
johnparker meydan ziane,key_2636
neng aalyan sterne,key_2637
wil elianah bathsheb,key_2638
yandy ayotunde letwinski,key_2639
jaycin gange mahdiyya,key_2640
aimon yosiah rıza,key_2641
diyar mia-brooke chike,key_2642
demani molette talea,key_2643
worren lushus jaymari,key_2644
thomas-ralph ichirou kia-marie,key_2645
merienne belanna mong,key_2646
shanquille sieto shalunda,key_2647
anfisa gemelli upke,key_2648
destony logan-reece goscho,key_2649
nihasvi gae gísli,key_2650
jareese saprina kandyce,key_2651
hallfreður kily ludovic,key_2652
damirah ramirez-santiago schild,key_2653
soinski hainey shanissa,key_2654
avenelle klayton veeda,key_2655
delilha sebourn piccarda,key_2656
rhuari anisley torres-rios,key_2657
denardo dontavious keirston,key_2658
harlie bibian padraigin,key_2659
jannai moncher jekori,key_2660
zoiya khodyn malphurs,key_2661
yanali samarra quindell,key_2662
karrington aydann carlo,key_2663
brayshaun dangela charlidh,key_2664
dalten lula zheka,key_2665
theodoros onutė donquell,key_2666
writtenhouse jamyron lente,key_2667
raynard kacey-leigh akosha,key_2668
strako verina clete,key_2669
costinel heerad putty,key_2670
larrera sudeeksha jefferey,key_2671
avalyse aborn galisa,key_2672
verita sunnie madho,key_2673
dairus raiford aynslie,key_2674
ziwot clubb reylynn,key_2675
rickea nyshon vernez,key_2676
hazin cumberledge haydon,key_2677
kolle béatrix jahnise,key_2678
walida amarn mushka,key_2679
dannia kwanisha iowerth,key_2680
kesan ormiston alyosha,key_2681
gwennie manne egberto,key_2682
qwest jykeria demion,key_2683
glayds eckel genesiss,key_2684
pauli helen-louise kira-leigh,key_2685
mccaulley elainah nyera,key_2686
ryver arqile rothschild,key_2687
arran-james chrisalynn izzy-mae,key_2688
katjusha atiyyah antinarelli,key_2689
polaris angiolina kaileah,key_2690
novae schoenebaum-wasson cassey,key_2691
chenhao satnosh axelle,key_2692
lilly-beau bjarmi asmahan,key_2693
tulon holley heddie,key_2694
zurkow zigmundas antonya,key_2695
layth fjodor annsley,key_2696
yinessa ingvaldur deune,key_2697
diannne leighanne cherryl,key_2698
silvain tobit leilynn,key_2699
tayveon safa ophir,key_2700
schimmel shalima denaija,key_2701
jhanae hoft clarys,key_2702
quantisha giga renetta,key_2703
elthea zunilda kasam,key_2704
readdick taylor-marie zulfikar,key_2705
leelynd jontae milfred,key_2706
engrid neđelko wack,key_2707
vishva zeandre quickel,key_2708
munsey annagret sahasra,key_2709
redenta shashank yukimasa,key_2710
robin brainley lewison,key_2711
daneca blashford weatherly,key_2712
byrd-green miltjadh emeris,key_2713
kulsoom ortega-lima syrita,key_2714
chiaffreda jaishmin hermelinde,key_2715
hesselbein már tonya,key_2716
herra cudzilo alvord,key_2717
peggylee shemeika mcpeters,key_2718
mikasė sergo mahfuzur,key_2719
sophrona jocquez heinzelman,key_2720
pariss lamariya teiarra,key_2721
samekia ludia moneca,key_2722
werra nicolina riley-thomas,key_2723
dickins gayatri cordts,key_2724
dalmar jabarie rader,key_2725
sova-torres anaijah irean,key_2726
tarl aguilar-zarco raimah,key_2727
muhammad-abdullah hiie isotta,key_2728
sharyne latonnia ronia,key_2729
madiba ajournee siraaj,key_2730
rowdie coulten moeisha,key_2731
castin dejesus-diaz cisely,key_2732
jessabell taam norela,key_2733
rigdon sali berthia,key_2734
shyloe graciete iashod,key_2735
torvald jearlean chand,key_2736
jashia rubiana amelia-jayne,key_2737
keta tannia mariaisabel,key_2738
mutter omir yaxiry,key_2739
janira briele chameli,key_2740
sigvaldi emie tatsuo,key_2741
sibbern whittany teandre,key_2742
kevinjoseph arie apoorva,key_2743
ruwayda layla-marie fríður,key_2744
ndrea seith nealy,key_2745
ara melek montavis,key_2746
florez juanjesus alaris,key_2747
candiss yanire edric,key_2748
aliciya metehan ellarene,key_2749
huriel tranesha evalynn,key_2750
cloudia niarcos izear,key_2751
tawqir sasami mubaraq,key_2752
makeshia jordingiii conjetta,key_2753
terric sónia tair,key_2754
jazmone akhtar éva,key_2755
harlo orestes judee,key_2756
fulkerson mcburrows carelyn,key_2757
jarryd oline naola,key_2758
daavid litterio khyaire,key_2759
estha buisan darise,key_2760
aksa adreona healy,key_2761
caesar lambert kaisan,key_2762
iikka doralene sylus,key_2763
harrus cherise aarin,key_2764
ruiz-machado marthinus wibke,key_2765
avaughn ellord soper,key_2766
bojislav keiler gaudenz,key_2767
cheltzie ondina dynesti,key_2768
shanmukha drolet miriam,key_2769
nalina bogosta iffany,key_2770
helban yeong wicahpi,key_2771
jobana nicolena jesmarie,key_2772
advay balzourt jimbo,key_2773
xuong kyelar rhaniya,key_2774
senyah kalasky cotha,key_2775
akel souheil jone,key_2776
halli kulyu quintano,key_2777
marckel metodija annasia,key_2778
leeyana schiming mayel,key_2779
flore laedemi alechia,key_2780
kenta astha hallei,key_2781
tasanee jolianna blong,key_2782
yamit myniah rabun,key_2783
indrishka coons zayvin,key_2784
harjit mccabe allauddin,key_2785
mims-oliver kereen daevaughn,key_2786
jaici martiene shantala,key_2787
barbera ingars kittrell,key_2788
johandry gertrud rovilla,key_2789
aprameya celedon priella,key_2790
farihah wicks aribel,key_2791
elle-leigh manuelle jesean,key_2792
lashondra damauni bouffard,key_2793
cadel canull soad,key_2794
amzie jamichael jshawn,key_2795
rahmo shashawna albertjames,key_2796
terrero luizmar beth-anne,key_2797
ethelene brysun llandel,key_2798
xaine sylvonia yogendr,key_2799
falin tulon gollahon,key_2800
chrissie cordai dhori,key_2801
chander mustkim esmerelda,key_2802
ginna mia-rae marcello,key_2803
malave-santos octaviano harms,key_2804
aadvika yamiley canesha,key_2805
rusa iftikhar sparsh,key_2806
beiber maicy kayjuan,key_2807
fariza lubaina wanesha,key_2808
beucher trevahn alzina,key_2809
annese khadidja floriean,key_2810
valentinas tomaka merridy,key_2811
bachier reca ranisha,key_2812
forster samanthaann arshiya,key_2813
jefto latysha egzon,key_2814
ajwa chrisje jordanalexander,key_2815
maxxwel narjess tzenka,key_2816
mylia quency dobrivoje,key_2817
jasmene argiri silvijn,key_2818
murva virene kyshia,key_2819
tahamtan vikaram etolia,key_2820
óla tanavia woodsonjr,key_2821
ptomy artan bebi,key_2822
aigneis burford makinzie,key_2823
baccam aryka lav,key_2824
katlyn tanielu namitha,key_2825
helén kemanie laimas,key_2826
ollie-kieran obidiah hovis,key_2827
morphis weets deeson,key_2828
ravetsky kattick pashije,key_2829
aranđel ayrabella saez,key_2830
sadarion delmis moyd,key_2831
falonda rechel katari,key_2832
yilda albertis mcauley,key_2833
kaysleigh nekki pualani,key_2834
ausha vestal deng,key_2835
phillipp carmilla ruland,key_2836
charlirae j-jay merl,key_2837
saldana hydle stella,key_2838
bauke pallace hidalgo-alvarez,key_2839
syd laltoo राधेश्‍याम,key_2840
sheli atrayu corday,key_2841
anele gradeigh muammar,key_2842
drenna ahamed renārs,key_2843
channelle anahit oland,key_2844
druey jay-jai ensi,key_2845
rishi bright ramandeep,key_2846
horvatt reider bargman,key_2847
valfrid amiram mariedore,key_2848
syedmuhammad john-hendry elysium,key_2849
lamari sanjit drechsler,key_2850
jaymisha bryten leonara,key_2851
rieja isac bazan,key_2852
jion santia cimberly,key_2853
corter cletus dancho,key_2854
cadarius evalisa hirotaka,key_2855
mical lamarrion sauannah,key_2856
ambrielle chritian vasken,key_2857
zellah quinleigh kanaja,key_2858
pirlo apfelstadt jaia,key_2859
joia jucel anastácio,key_2860
yuina aishah sohib,key_2861
zamin gennett besije,key_2862
igino stamatis vareck,key_2863
einte eyman caliana,key_2864
liebal bobbi-don leigha-mae,key_2865
lokesh diocleciano merissa,key_2866
masudur amaryllis nykita,key_2867
pertef chute welmer,key_2868
tikela jayasekera arnice,key_2869
timyah ashyria fahed,key_2870
kyelan ljubo brysa,key_2871
chiglinsky delfazio makensi,key_2872
epistimia faxan farmelo,key_2873
pauly challinor amierah,key_2874
pinon margita jaleek,key_2875
anndy khadeshia dodier,key_2876
anastashia melania aaziyah,key_2877
shyenne arieah albena,key_2878
aamorah jaynanne gastineau,key_2879
franziskus tsuguhisa sunwoo,key_2880
joyetta lyell brittlynn,key_2881
clotene onstad tereka,key_2882
eithne alanis kerbi,key_2883
bryxton georgie-rose dotson,key_2884
aireana shyera c-jae,key_2885
jacquelyne inika nightengale,key_2886
secondo carrera-perez laderius,key_2887
jividen jeilene fruggiero,key_2888
jancho marlous ramije,key_2889
vigita raymoni tymier,key_2890
trenaty dolnick doniyah,key_2891
schwenn oberon kayky,key_2892
ashawnti bertl weber,key_2893
taleen gotthilf dittman,key_2894
douty myiakya muhummad,key_2895
bevelyn suvad nickon,key_2896
stanju darinesha crutchfield,key_2897
thales cheisa sharlyne,key_2898
shahida josefa shameer,key_2899
cadhan diamante kashi,key_2900
niam iyannah wadood,key_2901
rukiye maget ceris,key_2902
daviney bitanya diena,key_2903
carren ünzile yaquelyn,key_2904
gelson anke rosalinde,key_2905
germani izmael savacool,key_2906
schiffman annino mailia,key_2907
laoise lacey-mai fynleigh,key_2908
bexlie makpal dewey,key_2909
peco elizebeth burrton,key_2910
rauragh muehlebach sulaf,key_2911
abu-sufyan opsincs shameia,key_2912
ashianna baudilio steinþóra,key_2913
mihane corlee ryelan,key_2914
odie alpheus muzafer,key_2915
curley shatay shuronda,key_2916
fredna doretta eligh,key_2917
gotthardt jodee augenijus,key_2918
irmelie devasheeh madalinn,key_2919
akoi lindmar susumu,key_2920
shontoya omarian leon-james,key_2921
paryavi vennis rochkind,key_2922
tawon roneisha caytlin,key_2923
yahweh sara-jane kayel,key_2924
johao julitsa lalutha,key_2925
dronski shaqueil kalip,key_2926
samharpreet hermond hassina,key_2927
kirsi tymur gunnin,key_2928
jihyun habbo kaitlinn,key_2929
bateh shawntia kol,key_2930
myrrin yarithza evalette,key_2931
jymir zeltzin kesly,key_2932
epimenia siama riley-noahl,key_2933
jessmeet willim mahati,key_2934
wystand crean hackathorn,key_2935
shadejah mauritz doug,key_2936
lilliella nikaiya loredo,key_2937
peyden tarvin cohill,key_2938
dashuri aekerly kellene,key_2939
malajia mohammud azan,key_2940
mischell gelson amanjot,key_2941
khani saunti rhelda,key_2942
olamide takiesha viviani,key_2943
aybar islarose sissel,key_2944
rienke sreten shantaya,key_2945
rieja barre jeanette,key_2946
driscoll julionna faraaz,key_2947
latangie aljoharah binu,key_2948
yazlen rumia terrill,key_2949
ultan advika amariyah,key_2950
rashem dosta mondesir,key_2951
jaziya ingleton jorun,key_2952
kerasoula chloe-jayne sukhjeevan,key_2953
verner rochele rosebelle,key_2954
bowler denita parisina,key_2955
lunell gayge fesel,key_2956
máirín alsiha shimpei,key_2957
kagebein krishon stuebs,key_2958
matern danzey yakini,key_2959
laramee gunaseelan annaëlle,key_2960
roibin lenar ozzi,key_2961
vannina kyann žaneta,key_2962
akshan samim raesean,key_2963
sutiya dagoberto yushu,key_2964
oğuzcan tessia raqib,key_2965
yemaya ivzi gallacher-lee,key_2966
talisa arcisz yuki,key_2967
lexee sands geilich,key_2968
chrisly primrosa daquann,key_2969
hoorya lisette bořivoj,key_2970
manaker milonas arendje,key_2971
callie-mae rexann dollins,key_2972
modesire camalla sharinimle,key_2973
jacksten shakuntla febus,key_2974
youlonda jamerah sargis,key_2975
paradis kissy geralds,key_2976
arliz phu aymar,key_2977
ishaal marun anne-terez,key_2978
arame chyan nyaira,key_2979
kendral phinnaeus roshae,key_2980
brihanna cosha soule,key_2981
menell maeanna mellodee,key_2982
akiva fredkin dquarius,key_2983
iemy aayat agita,key_2984
laquez ambus breno,key_2985
teferi ramsarran avalise,key_2986
gerdfried fumiye sjaan,key_2987
kehaulani fraidel srivanth,key_2988
thambo popper laveya,key_2989
dovonte egbert kadajah,key_2990
waiz lexi-elise haaniah,key_2991
braboy saadiya idajete,key_2992
katalyn miu neisler,key_2993
yecenia tannille arsenia,key_2994
epraxia shali siante,key_2995
ventus mamta marleyrae,key_2996
yejide dhanpati keesee,key_2997
shailin lawley cardentey,key_2998
milee virpal arseno,key_2999
